pid,smiles,tens_mod_clean
P433412,*c6ccc(C(=O)Nc5ccc(n4c(=O)c3ccc(c2ccc1c(=O)n(*)c(=O)c1c2)cc3c4=O)cc5)cc6,9.8
P433411,*c5ccc(C(=O)Nc4ccc(n3c(=O)c2cc1c(=O)n(*)c(=O)c1cc2c3=O)cc4)cc5,9.72
P400190,*NC(=O)c1cc(C(=O)Nc2ccc(c3ccc(*)c(O)c3)cc2O)ccc1,8.956
P433413,*c7ccc(C(=O)Nc6ccc(n5c(=O)c4ccc(C(=O)Oc3ccc(OC(=O)c2ccc1c(=O)n(*)c(=O)c1c2)cc3)cc4c5=O)cc6)cc7,8.3
P402129,*NC1=CC=C(NC(=O)C2=CC(C(=O)*)=C(C(=O)OCC)C=C2(C(=O)OCC))C=C1,8.0
P070232,*OC1=CC=C(NC(=O)C2=CC=C(C(=O)NC3=CC=C(*)C=C3)C=C2)C=C1,7.6135
P100143,*NC(=O)c1ccc(C(=O)Nc2ccc(Cc3ccc(*)cc3)cc2)cc1,7.204
P402349,*c5ccc(C(=O)Nc4ccc(C(=O)Nc3ccc(NC(=O)c2ccc1[nH]c(*)nc1c2)cc3)cc4)cc5,5.1
P432110,*C(=O)Nc%11cc(C(=O)c%12cc(NC(=O)c8ccc7c(=O)n(c6ccc(c4sc(c3ccc(n2c(=O)c1ccc(*)cc1c2=O)cc3)c(c%17ccccc%17)c4c5ccccc5)cc6)c(=O)c7c8)ccc%12)ccc%11,4.56
P430403,*n5c(=O)c4ccc(C(=O)Nc1cc(NC(=O)c2cc(C(=O)Nc3cc(*)ccc3)ccc2)ccc1)cc4c5=O,4.4
P430404,*n5c(=O)c4ccc(C(=O)Nc1ccc(NC(=O)c2cc(C(=O)Nc3ccc(*)cc3)ccc2)cc1)cc4c5=O,4.3
P372293,*Oc5cc(Oc1ccc(NC(=O)c2ccc(c3ccc(C(=O)Nc4ccc(*)cc4)c(C)c3)cc2C)cc1)ccc5,4.2953
P373302,*c1ccc(NC(=O)c2ccc(OCCOc3ccc(C(=O)Nc5ccc4[nH]c(*)nc4c5)cc3)cc2)cc1,4.2
P372292,*Oc5ccc(Oc1ccc(NC(=O)c2ccc(c3ccc(C(=O)Nc4ccc(*)cc4)c(C)c3)cc2C)cc1)cc5,4.1286
P432255,*n4c(=O)c3ccc(C(=O)c2ccc1c(=O)n(c5ccc(NC(=O)c6ccc(*)cc6)cc5)c(=O)c1c2)cc3c4=O,4.109
P100011,*NC(=O)CCCCCC*,4.05
P432115,*C(=O)Nc%11ccc(Oc%13ccc(Oc%12ccc(NC(=O)c8ccc7c(=O)n(c6ccc(c4sc(c3ccc(n2c(=O)c1ccc(*)cc1c2=O)cc3)c(c%17ccccc%17)c4c5ccccc5)cc6)c(=O)c7c8)cc%12)cc%13)cc%11,3.84
P430108,*c%10cccc(C(=O)Nc9cc(S(=O)(=O)c6cccc(NC(=O)c5cccc(n4c(=O)c3ccc(c2ccc1c(=O)n(*)c(=O)c1c2)cc3c4=O)c5)c6)ccc9)c%10,3.805
P432107,*C(=O)Nc%11ccc(Oc%12cccc(NC(=O)c8ccc7c(=O)n(c6ccc(c4sc(c3ccc(n2c(=O)c1ccc(*)cc1c2=O)cc3)c(c%17ccccc%17)c4c5ccccc5)cc6)c(=O)c7c8)c%12)cc%11,3.79
P432116,*C(=O)Nc%11ccc(Oc%13ccc(C(C)(C)c%14ccc(Oc%12ccc(NC(=O)c8ccc7c(=O)n(c6ccc(c4sc(c3ccc(n2c(=O)c1ccc(*)cc1c2=O)cc3)c(c%17ccccc%17)c4c5ccccc5)cc6)c(=O)c7c8)cc%12)cc%14)cc%13)cc%11,3.61
P432463,*n3c(=O)c2cc1c(=O)n(c4ccc(NC(=O)c5ccc(*)cc5)c(C(=O)OCC)c4)c(=O)c1cc2c3=O,3.6
P402364,*Nc1cc(Cc2ccc(NC(=O)c3ccc(P(=O)(c4ccccc4)c5ccc(C(=O)*)cc5)cc3)cc2)ccc1,3.57
P430405,*n4c(=O)c3ccc(C(=O)c2ccc1c(=O)n(c5cc(NC(=O)c6cc(C(=O)Nc7cc(*)ccc7)ccc6)ccc5)c(=O)c1c2)cc3c4=O,3.5
P430123,*c7cccc(C(=O)Nc6ccc(NC(=O)c5cccc(n4c(=O)c3ccc(c1cccc2c(=O)n(*)c(=O)c12)cc3c4=O)c5)cc6)c7,3.4617
P402069,*Nc1ccc(Cc2ccc(NC(=O)c3ccc(c4ccc(C(=O)*)c(C)c4)cc3C)cc2)cc1,3.4519
P372294,*Oc5ccc(Oc6ccc(Oc1ccc(NC(=O)c2ccc(c3ccc(C(=O)Nc4ccc(*)cc4)c(C)c3)cc2C)cc1)cc6)cc5,3.4127
P432106,*C(=O)Nc%11ccc(Oc%12ccc(NC(=O)c8ccc7c(=O)n(c6ccc(c4sc(c3ccc(n2c(=O)c1ccc(*)cc1c2=O)cc3)c(c%17ccccc%17)c4c5ccccc5)cc6)c(=O)c7c8)cc%12)cc%11,3.39
P432795,*n4c(=O)c3ccc(C(C(F)(F)F)(C(F)(F)F)c2ccc1c(=O)n(c9ccc(C(=O)Nc5ccc(NC(=O)c%10ccc(*)cc%10)cc5)cc9)c(=O)c1c2)cc3c4=O,3.3
P402268,*NC(=O)c1cc(C(=O)Nc2ccc(c3ccc(*)c(OC)c3)cc2OC)ccc1,3.3
P402353,*C(=O)Nc7cc(C(=O)Nc6cccc(NC(=O)c5ccc4[nH]c(c3ccc(c2nc1cc(*)ccc1[nH]2)cc3)nc4c5)c6)ccc7,3.3
P432111,*C(=O)Nc%11ccc(S(=O)(=O)c%12ccc(NC(=O)c8ccc7c(=O)n(c6ccc(c4sc(c3ccc(n2c(=O)c1ccc(*)cc1c2=O)cc3)c(c%17ccccc%17)c4c5ccccc5)cc6)c(=O)c7c8)cc%12)cc%11,3.19
P100099,*NC1CC(C)(CNC(=O)CCCCC(=O)*)CC(C)(C)C1,3.175
P430105,*c%10cccc(C(=O)Nc9ccc(Oc8ccc(Oc6ccc(NC(=O)c5cccc(n4c(=O)c3ccc(c2ccc1c(=O)n(*)c(=O)c1c2)cc3c4=O)c5)cc6)cc8)cc9)c%10,3.1577
P100019,*NC(=O)CCCCCCCC*,3.1550000000000002
P430107,*c%10cccc(C(=O)Nc9ccc(Oc6ccc(NC(=O)c5cccc(n4c(=O)c3ccc(c2ccc1c(=O)n(*)c(=O)c1c2)cc3c4=O)c5)cc6)cc9)c%10,3.1381
P100069,*NC(=O)c1cc(C(=O)NCCCCCC*)ccc1,3.1381
P402351,*C(=O)Nc6cccc(NC(=O)c5ccc4[nH]c(c3ccc(c2nc1cc(*)ccc1[nH]2)cc3)nc4c5)c6,3.1
P373017,*C(=O)c5cc(C(=O)Nc2ccc(Oc1ccc(N*)cc1)cc2)cc(NC(=O)CCn4c(=O)c3ccccc3c4=O)c5,3.1
P373303,*c1ccc(NC(=O)c2ccc(OCCOCCOc3ccc(C(=O)Nc5ccc4[nH]c(*)nc4c5)cc3)cc2)cc1,3.1
P432656,*n4c(=O)c3ccc(C(=O)Nc1cc(C#Cc2cc(*)ccc2)ccc1)cc3c4=O,3.0999999999999996
P430103,*c%10cccc(C(=O)Nc9ccc(Oc8ccc(Oc7ccc(Oc6ccc(NC(=O)c5cccc(n4c(=O)c3ccc(c2ccc1c(=O)n(*)c(=O)c1c2)cc3c4=O)c5)cc6)cc7)cc8)cc9)c%10,3.0695
P402071,*Nc1ccc(C(C(F)(F)F)(C(F)(F)F)c2ccc(NC(=O)c3ccc(c4ccc(C(=O)*)c(C)c4)cc3C)cc2)cc1,3.0695
P430106,*c%10cccc(C(=O)Nc9ccc(Oc8cc(Oc6ccc(NC(=O)c5cccc(n4c(=O)c3ccc(c2ccc1c(=O)n(*)c(=O)c1c2)cc3c4=O)c5)cc6)ccc8)cc9)c%10,3.0204
P130126,*c6cccc(C(=O)Nc5cccc(n4c(=O)c3ccc(C(=O)c2ccc1c(=O)n(*)c(=O)c1c2)cc3c4=O)c5)c6,3.02
P430045,*c4ccc(Oc3ccc(NC(=O)c2ccc1c(=O)n(*)c(=O)c1c2)cc3)cc4,3.0
P402356,*C(=O)Nc7cc(C(=O)Nc6cccc(NC(=O)c5ccc4[nH]c(c3cc(c2nc1cc(*)ccc1[nH]2)ccc3)nc4c5)c6)ccc7,3.0
P432109,*C(=O)Nc%11ccc(Sc%12ccc(NC(=O)c8ccc7c(=O)n(c6ccc(c4sc(c3ccc(n2c(=O)c1ccc(*)cc1c2=O)cc3)c(c%17ccccc%17)c4c5ccccc5)cc6)c(=O)c7c8)cc%12)cc%11,2.99
P430102,*c%10cccc(C(=O)Nc9ccc(Oc8ccc(c7ccc(Oc6ccc(NC(=O)c5cccc(n4c(=O)c3ccc(c2ccc1c(=O)n(*)c(=O)c1c2)cc3c4=O)c5)cc6)cc7)cc8)cc9)c%10,2.9616
P430110,*c%10ccc(C(=O)Nc9cccc(Oc8ccc(S(=O)(=O)c7ccc(Oc6cccc(NC(=O)c5ccc(n4c(=O)c3ccc(c1cccc2c(=O)n(*)c(=O)c12)cc3c4=O)cc5)c6)cc7)cc8)c9)cc%10,2.942
P430101,*c%10cccc(C(=O)Nc9ccc(Oc8ccc(S(=O)(=O)c7ccc(Oc6ccc(NC(=O)c5cccc(n4c(=O)c3ccc(c2ccc1c(=O)n(*)c(=O)c1c2)cc3c4=O)c5)cc6)cc7)cc8)cc9)c%10,2.9126
P402350,*c5ccc(C(=O)Nc4cccc(C(=O)Nc3cccc(NC(=O)c2ccc1[nH]c(*)nc1c2)c3)c4)cc5,2.9
P402348,*c4ccc(C(=O)Nc3cccc(NC(=O)c2ccc1[nH]c(*)nc1c2)c3)cc4,2.9
P130127,*c6cccc(C(=O)Nc5ccc(n4c(=O)c3ccc(C(=O)c2ccc1c(=O)n(*)c(=O)c1c2)cc3c4=O)cc5)c6,2.885
P432114,*C(=O)Nc%11cc(NC(=O)c8ccc7c(=O)n(c6ccc(c4sc(c3ccc(n2c(=O)c1ccc(*)cc1c2=O)cc3)c(c%17ccccc%17)c4c5ccccc5)cc6)c(=O)c7c8)ccc%11,2.87
P402354,*C(=O)Nc6cccc(NC(=O)c5ccc4[nH]c(c3cc(c2nc1cc(*)ccc1[nH]2)ccc3)nc4c5)c6,2.8
P432593,*C(=O)Nc%13ccc(Oc%12ccc(NC(=O)c%11ccc%10c(=O)n(c9ccc(Oc8ccc(C5(c4ccc(Oc3ccc(n2c(=O)c1ccc(*)cc1c2=O)cc3)cc4)CC6CC5C7CCCC67)cc8)cc9)c(=O)c%10c%11)cc%12)cc%13,2.8
P402235,*NC(=O)c1cc(C(=O)Nc2ccc(C(C(F)(F)F)(C(F)(F)F)c3ccc(*)cc3)cc2)cc(NC(=O)CCCCCn5c(=O)c4ccccc4c5=O)c1,2.8
P430406,*n5c(=O)c4ccc(C(=O)Nc1cc(NC(=O)CCCCCCCCC(=O)Nc3cc(*)ccc3)ccc1)cc4c5=O,2.8
P373308,*c1cc(NC(=O)c2ccc(OCCOCCOc3ccc(C(=O)Nc5ccc4[nH]c(*)nc4c5)cc3)cc2)ccc1,2.8
P130129,*c6cccc(C(=O)N(C)c5ccc(n4c(=O)c3ccc(C(=O)c2ccc1c(=O)n(*)c(=O)c1c2)cc3c4=O)cc5)c6,2.725
P372297,*Oc5ccc(S(=O)(=O)c6ccc(Oc1cc(NC(=O)c2ccc(c3ccc(C(=O)Nc4cccc(*)c4)c(C)c3)cc2C)ccc1)cc6)cc5,2.7164
P430104,*c%10cccc(C(=O)Nc9ccc(Oc8ccc(C(C)(C)c7ccc(Oc6ccc(NC(=O)c5cccc(n4c(=O)c3ccc(c2ccc1c(=O)n(*)c(=O)c1c2)cc3c4=O)c5)cc6)cc7)cc8)cc9)c%10,2.7164
P130128,*c6ccc(C(=O)Nc5cccc(n4c(=O)c3ccc(C(=O)c2ccc1c(=O)n(*)c(=O)c1c2)cc3c4=O)c5)cc6,2.7133333333333334
P430371,*c%10ccc(C(=O)Nc9ccc(Oc6ccc(NC(=O)c5ccc(n4c(=O)c3ccc(C(C(F)(F)F)(C(F)(F)F)c2ccc1c(=O)n(*)c(=O)c1c2)cc3c4=O)cc5)cc6)cc9)cc%10,2.7
P430376,*c%10cccc(C(=O)Nc9ccc(NC(=O)c5cccc(n4c(=O)c3ccc(C(C(F)(F)F)(C(F)(F)F)c2ccc1c(=O)n(*)c(=O)c1c2)cc3c4=O)c5)cc9)c%10,2.7
P373018,*C(=O)c5cc(C(=O)Nc2ccc(Oc1ccc(N*)cc1)cc2)cc(NC(=O)CCCn4c(=O)c3ccccc3c4=O)c5,2.7
P402231,*NC(=O)c1cc(C(=O)Nc2ccc(Cc3ccc(*)cc3)cc2)cc(NC(=O)CCn5c(=O)c4ccccc4c5=O)c1,2.7
P373490,*c1oc(c2ccc(NC(=O)c3cc(C(=O)Nc4ccc(*)cc4)cc(NC(=O)c5ccc(OC(=O)C)cc5)c3)cc2)nn1,2.66
P372235,*OCCCCCCCOc1ccc(C(=O)Nc2ccc(c3ccc(NC(=O)c4ccc(*)cc4)c(Cl)c3)cc2Cl)cc1,2.65
P402392,*NC(=O)c4cc(NC(=O)C23CC1CC(CC(C1)C2)C3)cc(C(=O)Nc5ccc(NC(=O)c6ccc(*)cc6)cc5)c4,2.6
P373309,*c1cc(NC(=O)c2ccc(OCCOCCOCCOc3ccc(C(=O)Nc5ccc4[nH]c(*)nc4c5)cc3)cc2)ccc1,2.6
P373665,*Oc1c(C#N)c(Oc2ccc(C(=O)Nc3cc(NC(=O)c4ccc(*)cc4)ccc3)cc2)ccc1,2.6
P432802,*n4c(=O)c3ccc(C(C(F)(F)F)(C(F)(F)F)c2ccc1c(=O)n(c9cc(C(=O)Nc5ccc(c8ccc(NC(=O)c%10cc(*)ccc%10)cc8)cc5)ccc9)c(=O)c1c2)cc3c4=O,2.6
P373557,*Oc1ccc(Oc5ccc(Oc2ccc(NC(=O)c3cc(C(=O)Nc4ccc(*)cc4)cc(C(C)(C)C)c3)cc2)cc5)cc1,2.6
P402232,*NC(=O)c1cc(C(=O)Nc2ccc(Cc3ccc(*)cc3)cc2)cc(NC(=O)CCCn5c(=O)c4ccccc4c5=O)c1,2.6
P370545,*Oc1ccc(Oc2ccc(C(=O)Nc3ccc(NC(=O)c5ccc(*)cc5)cc3)cc2)cc1c4ccccc4,2.6
P373304,*c1ccc(NC(=O)c2ccc(OCCOCCOCCOc3ccc(C(=O)Nc5ccc4[nH]c(*)nc4c5)cc3)cc2)cc1,2.6
P372234,*OCCCCCCOc1ccc(C(=O)Nc2ccc(c3ccc(NC(=O)c4ccc(*)cc4)c(Cl)c3)cc2Cl)cc1,2.56
P432905,*C(=O)Nc9ccc(Oc1ccccc1c2ccccc2Oc8ccc(NC(=O)c7ccc6c(=O)n(c5cccc(n4c(=O)c3ccc(*)cc3c4=O)c5)c(=O)c6c7)cc8)cc9,2.56
P100134,*NC(=O)c1ccc(C(=O)NCCCCCCCCCCCC*)cc1,2.5497
P100369,*Nc1ccc(NC(=O)CCCCCCCCC(=O)*)cc1,2.54
P430415,*C(=O)Nc8ccc(Oc7cccc(NC(=O)c6ccc5c(=O)n(c4ccc(Oc3ccc(n2c(=O)c1ccc(*)cc1c2=O)cc3)cc4)c(=O)c5c6)c7)cc8,2.53
P432907,*C(=O)Nc9ccc(Oc1ccccc1c2ccccc2Oc8ccc(NC(=O)c7ccc6c(=O)n(c5c(C)ccc(n4c(=O)c3ccc(*)cc3c4=O)c5)c(=O)c6c7)cc8)cc9,2.53
P372296,*Oc5ccc(S(=O)(=O)c6ccc(Oc1ccc(NC(=O)c2ccc(c3ccc(C(=O)Nc4ccc(*)cc4)c(C)c3)cc2C)cc1)cc6)cc5,2.5105
P432925,*C(=O)Nc9ccc(Oc1ccccc1c2ccccc2Oc8ccc(NC(=O)c7ccc6c(=O)n(c5ccc(Oc%10ccc(S(=O)(=O)c%11ccc(Oc%12ccc(n4c(=O)c3ccc(*)cc3c4=O)cc%12)cc%11)cc%10)cc5)c(=O)c6c7)cc8)cc9,2.5
P432803,*n4c(=O)c3ccc(C(C(F)(F)F)(C(F)(F)F)c2ccc1c(=O)n(c9cc(C(=O)Nc5ccc(NC(=O)c8ccc(NC(=O)c%10cc(*)ccc%10)cc8)cc5)ccc9)c(=O)c1c2)cc3c4=O,2.5
P432112,*C(=O)Nc%11cc(S(=O)(=O)c%12cc(NC(=O)c8ccc7c(=O)n(c6ccc(c4sc(c3ccc(n2c(=O)c1ccc(*)cc1c2=O)cc3)c(c%17ccccc%17)c4c5ccccc5)cc6)c(=O)c7c8)ccc%12)ccc%11,2.49
P373491,*c1oc(c2ccc(Oc6ccc(NC(=O)c3cc(C(=O)Nc4ccc(Oc7ccc(*)cc7)cc4)cc(NC(=O)c5ccc(OC(=O)C)cc5)c3)cc6)cc2)nn1,2.49
P432913,*C(=O)Nc9ccc(Oc1ccccc1c2ccccc2Oc8ccc(NC(=O)c7ccc6c(=O)n(c5ccc(Oc%10cc(n4c(=O)c3ccc(*)cc3c4=O)ccc%10)cc5)c(=O)c6c7)cc8)cc9,2.48
P372239,*OCCCCCCCCCCCCOc1ccc(C(=O)Nc2ccc(c3ccc(NC(=O)c4ccc(*)cc4)c(Cl)c3)cc2Cl)cc1,2.46
P432923,*C(=O)Nc9ccc(Oc1ccccc1c2ccccc2Oc8ccc(NC(=O)c7ccc6c(=O)n(c5ccc(Oc%10ccc(C(C)(C)c%11ccc(Oc%12ccc(n4c(=O)c3ccc(*)cc3c4=O)cc%12)cc%11)cc%10)cc5)c(=O)c6c7)cc8)cc9,2.45
P372298,*Oc5ccc(C(C)(C)c6ccc(Oc1ccc(NC(=O)c2ccc(c3ccc(C(=O)Nc4ccc(*)cc4)c(C)c3)cc2C)cc1)cc6)cc5,2.432
P432911,*C(=O)Nc9ccc(Oc1ccccc1c2ccccc2Oc8ccc(NC(=O)c7ccc6c(=O)n(c5ccc(Oc%10ccc(n4c(=O)c3ccc(*)cc3c4=O)cc%10)cc5)c(=O)c6c7)cc8)cc9,2.42
P432912,*C(=O)Nc9ccc(Oc8ccc(c7ccc(Oc6ccc(NC(=O)c5ccc4c(=O)n(c3ccc(Oc%10ccc(n2c(=O)c1ccc(*)cc1c2=O)cc%10)cc3)c(=O)c4c5)cc6)cc7)cc8)cc9,2.41
P070702,*Oc1ccc(C(=O)Nc2cc(SCCC#N)c(NC(=O)c3ccc(*)cc3)cc2SCCC#N)cc1,2.4
P432800,*n4c(=O)c3ccc(C(C(F)(F)F)(C(F)(F)F)c2ccc1c(=O)n(c9ccc(C(=O)Nc5ccc(Oc6ccccc6(Oc8ccc(NC(=O)c%10ccc(*)cc%10)cc8))cc5)cc9)c(=O)c1c2)cc3c4=O,2.4
P432799,*n4c(=O)c3ccc(C(C(F)(F)F)(C(F)(F)F)c2ccc1c(=O)n(c9ccc(C(=O)Nc5ccc(Oc6cccc(Oc8ccc(NC(=O)c%10ccc(*)cc%10)cc8)c6)cc5)cc9)c(=O)c1c2)cc3c4=O,2.4
P430375,*c%10cccc(C(=O)Nc9ccc(Oc6ccc(NC(=O)c5cccc(n4c(=O)c3ccc(C(C(F)(F)F)(C(F)(F)F)c2ccc1c(=O)n(*)c(=O)c1c2)cc3c4=O)c5)cc6)cc9)c%10,2.4
P432798,*n4c(=O)c3ccc(C(C(F)(F)F)(C(F)(F)F)c2ccc1c(=O)n(c9ccc(C(=O)Nc5ccc(Oc6ccc(Oc8ccc(NC(=O)c%10ccc(*)cc%10)cc8)cc6)cc5)cc9)c(=O)c1c2)cc3c4=O,2.4
P373712,*Oc5ccc(NC(=O)c6cc(C(=O)Nc%10ccc(*)cc%10)cc(NC(=O)C89CC7CC(CC(C7)C8)C9)c6)cc5,2.4
P432804,*n4c(=O)c3ccc(C(C(F)(F)F)(C(F)(F)F)c2ccc1c(=O)n(c9cc(C(=O)Nc5ccc(Oc6ccc(Oc8ccc(NC(=O)c%10cc(*)ccc%10)cc8)cc6)cc5)ccc9)c(=O)c1c2)cc3c4=O,2.4
P402233,*NC(=O)c1cc(C(=O)Nc2ccc(C(C(F)(F)F)(C(F)(F)F)c3ccc(*)cc3)cc2)cc(NC(=O)CCCn5c(=O)c4ccccc4c5=O)c1,2.4
P373666,*Oc1c(C#N)c(Oc2ccc(C(=O)Nc3ccc(Oc5ccc(NC(=O)c4ccc(*)cc4)cc5)cc3)cc2)ccc1,2.4
P372236,*OCCCCCCCCOc1ccc(C(=O)Nc2ccc(c3ccc(NC(=O)c4ccc(*)cc4)c(Cl)c3)cc2Cl)cc1,2.38
P074400,*Oc1ccc(Oc2ccc(NC(=O)c3ccc(Oc4ccc(Oc5ccc(C(=O)Nc6ccc(*)cc6)cc5)cc4C)cc3)cc2)cc1,2.35
P373492,*c1oc(c2ccc(Oc6cc(NC(=O)c3cc(C(=O)Nc4cc(Oc7ccc(*)cc7)ccc4)cc(NC(=O)c5ccc(OC(=O)C)cc5)c3)ccc6)cc2)nn1,2.34
P432906,*C(=O)Nc9ccc(Oc8ccc(c7ccc(Oc6ccc(NC(=O)c5ccc4c(=O)n(c3cccc(n2c(=O)c1ccc(*)cc1c2=O)c3)c(=O)c4c5)cc6)cc7)cc8)cc9,2.33
P430454,*C(=O)Nc%11ccc(Oc9ccc(Oc%10ccc(Oc%12ccc(NC(=O)c8ccc7c(=O)n(c6ccc(Oc5ccc4ccc(Oc3ccc(n2c(=O)c1ccc(*)cc1c2=O)cc3)cc4c5)cc6)c(=O)c7c8)cc%12)cc%10)cc9)cc%11,2.31
P373713,*Oc4ccc(C23CC1CC(CC(C1)C2)C3)c(Oc5ccc(NC(=O)c6cc(C(=O)Nc%10ccc(*)cc%10)cc(NC(=O)C89CC7CC(CC(C7)C8)C9)c6)cc5)c4,2.3
P432597,*C(=O)Nc%15ccc(Oc%14ccc(c%13ccc(Oc%12ccc(NC(=O)c%11ccc%10c(=O)n(c9ccc(Oc8ccc(C5(c4ccc(Oc3ccc(n2c(=O)c1ccc(*)cc1c2=O)cc3)cc4)CC6CC5C7CCCC67)cc8)cc9)c(=O)c%10c%11)cc%12)cc%13C)c(C)c%14)cc%15,2.3
P402234,*NC(=O)c1cc(C(=O)Nc2ccc(Cc3ccc(*)cc3)cc2)cc(NC(=O)CCCCCn5c(=O)c4ccccc4c5=O)c1,2.3
P432808,*n4c(=O)c3ccc(C(C(F)(F)F)(C(F)(F)F)c2ccc1c(=O)n(c9cc(C(=O)Nc5ccc(Oc6ccc(C(C)(C)c%11ccc(Oc8ccc(NC(=O)c%10cc(*)ccc%10)cc8)cc%11)cc6)cc5)ccc9)c(=O)c1c2)cc3c4=O,2.3
P430458,*C(=O)Nc%11ccc(Oc9ccc(C(C)(C)c%10ccc(Oc%12ccc(NC(=O)c8ccc7c(=O)n(c6ccc(Oc5ccc4ccc(Oc3ccc(n2c(=O)c1ccc(*)cc1c2=O)cc3)cc4c5)cc6)c(=O)c7c8)cc%12)cc%10)cc9)cc%11,2.3
P432596,*C(=O)Nc%14ccc(Oc%13cc(C(C)(C)C)c(Oc%12ccc(NC(=O)c%11ccc%10c(=O)n(c9ccc(Oc8ccc(C5(c4ccc(Oc3ccc(n2c(=O)c1ccc(*)cc1c2=O)cc3)cc4)CC6CC5C7CCCC67)cc8)cc9)c(=O)c%10c%11)cc%12)cc%13C(C)(C)C)cc%14,2.3
P402393,c1ccc3c(c1)C(c4ccc(*)cc4)(c5ccc(NC(=O)c6cc(C(=O)N*)cc(NC(=O)C89CC7CC(CC(C7)C8)C9)c6)cc5)c2ccccc23,2.3
P432598,*C(=O)Nc%15ccc(Oc%14ccc(C(C(F)(F)F)(C(F)(F)F)c%13ccc(Oc%12ccc(NC(=O)c%11ccc%10c(=O)n(c9ccc(Oc8ccc(C5(c4ccc(Oc3ccc(n2c(=O)c1ccc(*)cc1c2=O)cc3)cc4)CC6CC5C7CCCC67)cc8)cc9)c(=O)c%10c%11)cc%12)cc%13)cc%14)cc%15,2.3
P432805,*n4c(=O)c3ccc(C(C(F)(F)F)(C(F)(F)F)c2ccc1c(=O)n(c9cc(C(=O)Nc5ccc(Oc6cccc(Oc8ccc(NC(=O)c%10cc(*)ccc%10)cc8)c6)cc5)ccc9)c(=O)c1c2)cc3c4=O,2.3
P372385,*Oc8ccc(C6(c5ccc(Oc4ccc(NC(=O)c3ccc(c2ccc(C(=O)Nc1ccc(*)cc1)cc2)cc3)cc4)cc5)CC7CCC6C7)cc8,2.3
P372387,*Oc8ccc(C6(c5ccc(Oc4ccc(NC(=O)c3ccc(C(=O)Nc1ccc(*)cc1)cc3)cc4)cc5)CC7CCC6C7)cc8,2.3
P372388,*Oc8ccc(C6(c5ccc(Oc4ccc(NC(=O)c3cc(C(=O)Nc1ccc(*)cc1)ccc3)cc4)cc5)CC7CCC6C7)cc8,2.3
P372506,*OC1=CC=C(C(C(F)(F)(F))(C(F)(F)(F))C2=CC=C(OC3=CC=C(NC(=O)C4=CC(C(C(F)(F)(F))(C(F)(F)(F))C5=CC(C(=O)NC6=CC=C(*)C=C6)=C(C(=O)O)C=C5)=CC=C4(C(=O)O))C=C3)C=C2)C=C1,2.3
P373646,*c7ccc(C(=O)Nc6ccc(NC(=O)c5ccc(Oc3ccc(c1nn(*)c(=O)c2ccccc12)c4ccccc34)cc5)cc6)cc7,2.27
P074403,*Oc1ccc(Oc2ccc(C(=O)Nc3ccc(Oc4ccc(NC(=O)c5ccc(*)cc5)cc4)cc3)cc2)cc1c6ccccc6,2.25
P432108,*C(=O)Nc%11ccc(Cc%12ccc(NC(=O)c8ccc7c(=O)n(c6ccc(c4sc(c3ccc(n2c(=O)c1ccc(*)cc1c2=O)cc3)c(c%17ccccc%17)c4c5ccccc5)cc6)c(=O)c7c8)cc%12)cc%11,2.24
P373278,*Oc1cc(C(C)(C)C)c(Oc2ccc(C(=O)Nc3ccc(C(C(F)(F)F)(C(F)(F)F)c4ccc(NC(=O)c5ccc(*)cc5)cc4)cc3)cc2)cc1C(C)(C)C,2.23
P130357,*c%13ccc(Oc%11cccc%12c(Oc%10ccc(n9c(=O)c8ccc(C(=O)Nc7ccc(c5sc(c3ccc(NC(=O)c2ccc1c(=O)n(*)c(=O)c1c2)cc3)c(c4ccccc4)c5c6ccccc6)cc7)cc8c9=O)cc%10)cccc%11%12)cc%13,2.21
P372237,*OCCCCCCCCCOc1ccc(C(=O)Nc2ccc(c3ccc(NC(=O)c4ccc(*)cc4)c(Cl)c3)cc2Cl)cc1,2.21
P430420,*C(=O)Nc9ccc(Oc8ccc(Oc7ccc(NC(=O)c6ccc5c(=O)n(c4ccc(S(=O)(=O)c3ccc(n2c(=O)c1ccc(*)cc1c2=O)cc3)cc4)c(=O)c5c6)cc7)cc8)cc9,2.21
P432809,*n4c(=O)c3ccc(C(C(F)(F)F)(C(F)(F)F)c2ccc1c(=O)n(c9cc(C(=O)Nc5ccc(Oc6ccc(C(C(F)(F)F)(C(F)(F)F)c%11ccc(Oc8ccc(NC(=O)c%10cc(*)ccc%10)cc8)cc%11)cc6)cc5)ccc9)c(=O)c1c2)cc3c4=O,2.2
P432595,*C(=O)Nc%14ccc(Oc%13ccc(Oc%12ccc(NC(=O)c%11ccc%10c(=O)n(c9ccc(Oc8ccc(C5(c4ccc(Oc3ccc(n2c(=O)c1ccc(*)cc1c2=O)cc3)cc4)CC6CC5C7CCCC67)cc8)cc9)c(=O)c%10c%11)cc%12)cc%13C(C)(C)C)cc%14,2.2
P432599,*C(=O)Nc%15ccc(Oc%14c(C)cc(C(C)(C)c%13cc(C)c(Oc%12ccc(NC(=O)c%11ccc%10c(=O)n(c9ccc(Oc8ccc(C5(c4ccc(Oc3ccc(n2c(=O)c1ccc(*)cc1c2=O)cc3)cc4)CC6CC5C7CCCC67)cc8)cc9)c(=O)c%10c%11)cc%12)c(C)c%13)cc%14C)cc%15,2.2
P432806,*n4c(=O)c3ccc(C(C(F)(F)F)(C(F)(F)F)c2ccc1c(=O)n(c9cc(C(=O)Nc5ccc(Oc6ccccc6(Oc8ccc(NC(=O)c%10cc(*)ccc%10)cc8))cc5)ccc9)c(=O)c1c2)cc3c4=O,2.2
P432807,*n4c(=O)c3ccc(C(C(F)(F)F)(C(F)(F)F)c2ccc1c(=O)n(c9cc(C(=O)Nc5ccc(Oc6ccc(c%11ccc(Oc8ccc(NC(=O)c%10cc(*)ccc%10)cc8)cc%11)cc6)cc5)ccc9)c(=O)c1c2)cc3c4=O,2.2
P074470,*Oc1ccc(C(C(F)(F)F)(C(F)(F)F)c2ccc(Oc3ccc(NC(=O)c4ccc(C(=O)Nc5ccc(*)cc5)cc4)cc3)cc2)cc1,2.2
P430374,*c%10ccc(C(=O)Nc%11ccc(Oc%12ccc(C(C)(C)c9ccc(Oc6ccc(NC(=O)c5ccc(n4c(=O)c3ccc(C(C(F)(F)F)(C(F)(F)F)c2ccc1c(=O)n(*)c(=O)c1c2)cc3c4=O)cc5)cc6)cc9)cc%12)cc%11)cc%10,2.2
P373306,*c1ccc(NC(=O)c2ccc(OCCOCCOCCOCCOCCOc3ccc(C(=O)Nc5ccc4[nH]c(*)nc4c5)cc3)cc2)cc1,2.2
P432908,*C(=O)Nc9ccc(Oc8ccc(c7ccc(Oc6ccc(NC(=O)c5ccc4c(=O)n(c3c(C)ccc(n2c(=O)c1ccc(*)cc1c2=O)c3)c(=O)c4c5)cc6)cc7)cc8)cc9,2.18
P370543,*Oc1ccc(Oc2ccc(C(=O)Nc3ccc(Oc4ccc(NC(=O)c5ccc(*)cc5)cc4)cc3)cc2)cc1C,2.18
P432126,*C(=O)Nc%13ccc(C%12(c9ccc(NC(=O)c8ccc7c(=O)n(c6ccc(Oc4cccc5c(Oc3ccc(n2c(=O)c1ccc(*)cc1c2=O)cc3)cccc45)cc6)c(=O)c7c8)cc9)c%10ccccc%10c%11ccccc%11%12)cc%13,2.16
P373276,*Oc1cc(C(C)(C)C)c(Oc2ccc(C(=O)Nc3c(C)cc(C(C)(C)c4cc(C)c(NC(=O)c5ccc(*)cc5)c(C)c4)cc3C)cc2)cc1C(C)(C)C,2.15
P373277,*Oc1cc(C(C)(C)C)c(Oc2ccc(C(=O)Nc3c(C)cc(C(C)(C)c4cc(CC)c(NC(=O)c5ccc(*)cc5)c(C)c4)cc3CC)cc2)cc1C(C)(C)C,2.15
P074466,*OC1=CC=C(C(C(F)(F)(F))(C(F)(F)(F))C2=CC=C(OC3=CC=C(NC(=O)C4=CC(C(=O)NC5=CC=C(*)C=C5)=CC=C4)C=C3)C=C2)C=C1,2.1
P432691,*n4c(=O)c3ccc(C(C(F)(F)F)(C(F)(F)F)c2ccc1c(=O)n(c9ccc(C(=O)Nc5ccc(Oc6ccc(c7ccc(Oc8ccc(NC(=O)c%10ccc(*)cc%10)cc8)cc7)cc6)cc5)cc9)c(=O)c1c2)cc3c4=O,2.1
P373311,*c1cc(NC(=O)c2ccc(OCCOCCOCCOCCOCCOc3ccc(C(=O)Nc5ccc4[nH]c(*)nc4c5)cc3)cc2)ccc1,2.1
P430142,*C(=O)Nc%11ccc(Oc%10ccc(C9(c7ccc(Oc6ccc(NC(=O)c5ccc4c(=O)n(c3c(C)ccc(n2c(=O)c1ccc(*)cc1c2=O)c3)c(=O)c4c5)cc6)cc7)NC(=O)c8ccccc89)cc%10)cc%11,2.1
P372389,*Oc8ccc(C6(c5ccc(Oc4ccc(NC(=O)c3cc(C(=O)Nc1ccc(*)cc1)cc(C(C)(C)C)c3)cc4)cc5)CC7CCC6C7)cc8,2.1
P373019,*C(=O)c5cc(C(=O)Nc2ccc(Oc1ccc(N*)cc1)cc2)cc(NC(=O)CCCCCn4c(=O)c3ccccc3c4=O)c5,2.1
P373305,*c1ccc(NC(=O)c2ccc(OCCOCCOCCOCCOc3ccc(C(=O)Nc5ccc4[nH]c(*)nc4c5)cc3)cc2)cc1,2.1
P432801,*n4c(=O)c3ccc(C(C(F)(F)F)(C(F)(F)F)c2ccc1c(=O)n(c9ccc(C(=O)Nc5ccc(Oc6ccc(C(C(F)(F)F)(C(F)(F)F)c7ccc(Oc8ccc(NC(=O)c%10ccc(*)cc%10)cc8)cc7)cc6)cc5)cc9)c(=O)c1c2)cc3c4=O,2.1
P372386,*Oc8ccc(C6(c5ccc(Oc4ccc(NC(=O)c3ccc(S(=O)(=O)c2ccc(C(=O)Nc1ccc(*)cc1)cc2)cc3)cc4)cc5)CC7CCC6C7)cc8,2.1
P373274,*Oc1cc(C(C)(C)C)c(Oc2ccc(C(=O)Nc3ccc(C(C)(C)c4ccc(NC(=O)c5ccc(*)cc5)cc4)cc3)cc2)cc1C(C)(C)C,2.1
P402236,*NC(=O)c1cc(C(=O)Nc2ccc(Cc3ccc(*)cc3)cc2)cc(NC(=O)CCCCCCCCCCn5c(=O)c4ccccc4c5=O)c1,2.1
P373275,*Oc1cc(C(C)(C)C)c(Oc2ccc(C(=O)Nc3ccc(C(C)(C)c4cc(C)c(NC(=O)c5ccc(*)cc5)cc4)cc3C)cc2)cc1C(C)(C)C,2.09
P074405,*Oc1ccc(Oc2ccc(C(=O)Nc3ccc(Oc4ccc(Oc5ccc(NC(=O)c7ccc(*)cc7)cc5)cc4)cc3)cc2)cc1c6ccccc6,2.08
P130354,*c%12ccc(Oc%10cccc%11c(Oc9ccc(n8c(=O)c7ccc(C(=O)Nc6ccc(Oc5ccc(C(c4ccc(Oc3ccc(NC(=O)c2ccc1c(=O)n(*)c(=O)c1c2)cc3)cc4)(C)C)cc5)cc6)cc7c8=O)cc9)cccc%10%11)cc%12,2.08
P373649,*c7ccc(C(=O)Nc8ccc(Oc9ccc(Oc6ccc(NC(=O)c5ccc(Oc3ccc(c1nn(*)c(=O)c2ccccc12)c4ccccc34)cc5)cc6C(F)(F)F)cc9)c(C(F)(F)F)c8)cc7,2.08
P432924,*C(=O)Nc9ccc(Oc8ccc(c7ccc(Oc6ccc(NC(=O)c5ccc4c(=O)n(c3ccc(Oc%10ccc(C(C)(C)c%11ccc(Oc%12ccc(n2c(=O)c1ccc(*)cc1c2=O)cc%12)cc%11)cc%10)cc3)c(=O)c4c5)cc6)cc7)cc8)cc9,2.07
P370544,*Oc1ccc(Oc2ccc(C(=O)Nc3ccc(Cc4ccc(NC(=O)c5ccc(*)cc5)cc4)cc3)cc2)cc1C,2.07
P430140,*C(=O)Nc%11ccc(Oc%10ccc(C9(c7ccc(Oc6ccc(NC(=O)c5ccc4c(=O)n(c3cccc(n2c(=O)c1ccc(*)cc1c2=O)c3)c(=O)c4c5)cc6)cc7)NC(=O)c8ccccc89)cc%10)cc%11,2.07
P100008,*NCCCCCCNC(=O)CCCCCCCC(=O)*,2.06
P074404,*Oc1ccc(Oc2ccc(C(=O)Nc3ccc(Cc4ccc(NC(=O)c5ccc(*)cc5)cc4)cc3)cc2)cc1c6ccccc6,2.05
P432909,*C(=O)Nc9ccc(Oc1ccccc1c2ccccc2Oc8ccc(NC(=O)c7ccc6c(=O)n(c5ccc(Cc%10ccc(n4c(=O)c3ccc(*)cc3c4=O)cc%10)cc5)c(=O)c6c7)cc8)cc9,2.05
P430450,*C(=O)Nc9cccc(Oc%10ccc(NC(=O)c8ccc7c(=O)n(c6ccc(Oc5ccc4ccc(Oc3ccc(n2c(=O)c1ccc(*)cc1c2=O)cc3)cc4c5)cc6)c(=O)c7c8)cc%10)c9,2.03
P430143,*C(=O)Nc%11ccc(Oc%10ccc(C9(c7ccc(Oc6ccc(NC(=O)c5ccc4c(=O)n(c%12ccc(Cc3ccc(n2c(=O)c1ccc(*)cc1c2=O)cc3)cc%12)c(=O)c4c5)cc6)cc7)NC(=O)c8ccccc89)cc%10)cc%11,2.02
P430138,*C(=O)Nc%11ccc(Oc%10ccc(C9(c7ccc(Oc6ccc(NC(=O)c5ccc4c(=O)n(c3ccc(n2c(=O)c1ccc(*)cc1c2=O)cc3)c(=O)c4c5)cc6)cc7)NC(=O)c8ccccc89)cc%10)cc%11,2.02
P430421,*C(=O)Nc8ccc(Oc7ccc(NC(=O)c6ccc5c(=O)n(C4CCC(CC3CCC(n2c(=O)c1ccc(*)cc1c2=O)CC3)CC4)c(=O)c5c6)cc7)cc8,2.02
P100023,*NCCCCCCCCCCNC(=O)CCCCCCCCCCC(=O)*,2.02
P130346,*c9ccc(Oc7cccc8c(Oc6ccc(n5c(=O)c4ccc(C(=O)Nc3cccc(NC(=O)c2ccc1c(=O)n(*)c(=O)c1c2)c3)cc4c5=O)cc6)cccc78)cc9,2.01
P370406,*Oc4cccc5ccc(Oc3ccc(NC(=O)c2cccc(C(=O)Nc1ccc(*)cc1)c2)cc3)cc45,2.01
P430144,*C(=O)Nc%11ccc(Oc%10ccc(C9(c7ccc(Oc6ccc(NC(=O)c5ccc4c(=O)n(c%12ccc(Oc3ccc(n2c(=O)c1ccc(*)cc1c2=O)cc3)cc%12)c(=O)c4c5)cc6)cc7)NC(=O)c8ccccc89)cc%10)cc%11,2.01
P074437,*Oc1ccc(C(C)(C)c2ccc(C(C)(C)c3ccc(Oc4ccc(C(=O)Nc5cc(NC(=O)c6ccc(*)cc6)ccc5)cc4)cc3)cc2)cc1,2.0
P130353,*c%10ccc(Oc8cccc9c(Oc7ccc(n6c(=O)c5ccc(C(=O)Nc4ccc(C(c3ccc(NC(=O)c2ccc1c(=O)n(*)c(=O)c1c2)cc3)(C(F)(F)F)C(F)(F)F)cc4)cc5c6=O)cc7)cccc89)cc%10,2.0
P373667,*Oc1c(C#N)c(Oc2ccc(C(=O)Nc3ccc(Cc5ccc(NC(=O)c4ccc(*)cc4)cc5)cc3)cc2)ccc1,2.0
P430145,*C(=O)Nc%11ccc(Oc%10ccc(C9(c7ccc(Oc6ccc(NC(=O)c5ccc4c(=O)n(c%12ccc(Oc3cccc(n2c(=O)c1ccc(*)cc1c2=O)c3)cc%12)c(=O)c4c5)cc6)cc7)NC(=O)c8ccccc89)cc%10)cc%11,2.0
P430151,*C(=O)Nc%16ccc(Oc%15ccc(C%14(c%12ccc(Oc%11ccc(NC(=O)c%10ccc9c(=O)n(c8ccc(Oc7ccc(C6(c4ccc(Oc3ccc(n2c(=O)c1ccc(*)cc1c2=O)cc3)cc4)NC(=O)c5ccccc56)cc7)cc8)c(=O)c9c%10)cc%11)cc%12)NC(=O)c%13ccccc%13%14)cc%15)cc%16,2.0
P402391,*NC(=O)c4cc(NC(=O)C23CC1CC(CC(C1)C2)C3)cc(C(=O)Nc5ccc(C(C(F)(F)F)(C(F)(F)F)c6ccc(*)cc6)cc5)c4,2.0
P373020,*C(=O)c5cc(C(=O)Nc2ccc(Oc1ccc(N*)cc1)cc2)cc(NC(=O)CCCCCCCCCCn4c(=O)c3ccccc3c4=O)c5,2.0
P372384,*Oc8ccc(C6(c5ccc(Oc4ccc(NC(=O)c3ccc2cc(C(=O)Nc1ccc(*)cc1)ccc2c3)cc4)cc5)CC7CCC6C7)cc8,2.0
P430147,*C(=O)Nc%11ccc(Oc%10ccc(C9(c7ccc(Oc6ccc(NC(=O)c5ccc4c(=O)n(c%12ccc(Oc%13ccc(Oc3ccc(n2c(=O)c1ccc(*)cc1c2=O)cc3)cc%13)cc%12)c(=O)c4c5)cc6)cc7)NC(=O)c8ccccc89)cc%10)cc%11,1.98
P370415,*Oc4cccc5ccc(Oc3ccc(NC(=O)c2ccc(Oc6ccccc6Oc7ccc(C(=O)Nc1ccc(*)cc1)cc7)cc2)cc3)cc45,1.98
P430005,O(c1ccc(n5c(=O)c4ccc(*)cc4c5=O)cc1)(c2ccc(n7c(=O)c6cc(C(=O)Nc3ccc(Oc8ccc(NC(=O)*)cc8)cc3)ccc6c7=O)cc2),1.96
P100002,*NCCCCNC(=O)CCCCC(=O)*,1.94
P074406,*Oc1ccc(Oc2ccc(C(=O)Nc3ccc(Oc4ccc(c8ccc(Oc5ccc(NC(=O)c7ccc(*)cc7)cc5)cc8)cc4)cc3)cc2)cc1c6ccccc6,1.94
P372795,*Oc1ccc(C(=O)Nc2cc(C(O)Cc3ccc(NC(=O)c4ccc(*)cc4)cc3)ccc2)cc1,1.93
P373647,*c7ccc(C(=O)Nc8ccc(Oc6ccc(NC(=O)c5ccc(Oc3ccc(c1nn(*)c(=O)c2ccccc12)c4ccccc34)cc5)cc6)cc8)cc7,1.93
P430460,*C(=O)Nc%11ccc(Oc9ccc%10ccc(Oc%12ccc(NC(=O)c8ccc7c(=O)n(c6ccc(Oc5ccc4ccc(Oc3ccc(n2c(=O)c1ccc(*)cc1c2=O)cc3)cc4c5)cc6)c(=O)c7c8)cc%12)cc%10c9)cc%11,1.92
P430456,*C(=O)Nc9ccc(C(C(F)(F)F)(C(F)(F)F)c%10ccc(NC(=O)c8ccc7c(=O)n(c6ccc(Oc5ccc4ccc(Oc3ccc(n2c(=O)c1ccc(*)cc1c2=O)cc3)cc4c5)cc6)c(=O)c7c8)cc%10)cc9,1.91
P430490,*C(=O)Nc%11ccc(c9sc(c%12ccc(NC(=O)c8ccc7c(=O)n(c6ccc(Oc5ccc4ccc(Oc3ccc(n2c(=O)c1ccc(*)cc1c2=O)cc3)cc4c5)cc6)c(=O)c7c8)cc%12)c(c%14ccccc%14)c9c%13ccccc%13)cc%11,1.91
P370550,*Oc6ccc(C(c5ccc(Oc4ccc(NC(=O)c3ccc2cc(C(=O)Nc1ccc(*)cc1)ccc2c3)cc4)cc5)(C(F)(F)F)C(F)(F)F)cc6,1.9
P402243,*NC(=O)c1ccc(C(=O)Nc2cc(C(O)Cc3ccc(*)cc3)ccc2)cc1,1.9
P373558,*OCCCCCCOc2ccc(NC(=O)c3cc(C(=O)Nc4ccc(*)cc4)cc(C(C)(C)C)c3)cc2,1.9
P074446,*Oc1ccc(C(C)(C)c2cc(C(C)(C)c3ccc(Oc4ccc(C(=O)Nc5ccc(NC(=O)c6ccc(*)cc6)cc5)cc4)cc3)ccc2)cc1,1.9
P430002,*c5ccc(C(=O)Nc4cccc(n3c(=O)c2cc1c(=O)n(*)c(=O)c1cc2c3=O)c4)cc5,1.865
P372238,*OCCCCCCCCCCOc1ccc(C(=O)Nc2ccc(c3ccc(NC(=O)c4ccc(*)cc4)c(Cl)c3)cc2Cl)cc1,1.86
P430141,*C(=O)Nc%11cccc(NC(=O)c%10ccc9c(=O)n(c8ccc(Oc7ccc(C6(c4ccc(Oc3ccc(n2c(=O)c1ccc(*)cc1c2=O)cc3)cc4)NC(=O)c5ccccc56)cc7)cc8)c(=O)c9c%10)c%11,1.86
P370373,*c6ccc(Oc5ccc(C(=O)c4ccc(Oc3ccc(C2(*)NC(=O)c1ccccc12)cc3)cc4)cc5)cc6,1.86
P074467,*OC1=CC=C(C(C(F)(F)(F))(C(F)(F)(F))C2=CC=C(OC3=CC=C(NC(=O)C4=CC(C(=O)NC5=CC=C(*)C=C5)=CC(C(C)(C)C)=C4)C=C3)C=C2)C=C1,1.85
P430149,*C(=O)Nc%11ccc(Oc%10ccc(C9(c7ccc(Oc6ccc(NC(=O)c5ccc4c(=O)n(c%12ccc(Oc%13ccc(Oc3ccc(n2c(=O)c1ccc(*)cc1c2=O)cc3)cc%13C)cc%12)c(=O)c4c5)cc6)cc7)NC(=O)c8ccccc89)cc%10)cc%11,1.85
P430158,*C(=O)Nc%14ccc(Oc%13ccc(S(=O)(=O)c%12ccc(Oc%11ccc(NC(=O)c%10ccc9c(=O)n(c8ccc(Oc7ccc(C6(c4ccc(Oc3ccc(n2c(=O)c1ccc(*)cc1c2=O)cc3)cc4)NC(=O)c5ccccc56)cc7)cc8)c(=O)c9c%10)cc%11)cc%12)cc%13)cc%14,1.85
P370407,*Oc4cccc5ccc(Oc3ccc(NC(=O)c2cc(C(C)(C)C)cc(C(=O)Nc1ccc(*)cc1)c2)cc3)cc45,1.85
P430152,*C(=O)N(c%12ccc(Cc%11ccc(NC(=O)c%10ccc9c(=O)n(c8ccc(Oc7ccc(C6(c4ccc(Oc3ccc(n2c(=O)c1ccc(*)cc1c2=O)cc3)cc4)NC(=O)c5ccccc56)cc7)cc8)c(=O)c9c%10)cc%11)cc%12),1.84
P430155,*C(=O)N(c%12ccc(Sc%11ccc(NC(=O)c%10ccc9c(=O)n(c8ccc(Oc7ccc(C6(c4ccc(Oc3ccc(n2c(=O)c1ccc(*)cc1c2=O)cc3)cc4)NC(=O)c5ccccc56)cc7)cc8)c(=O)c9c%10)cc%11)cc%12),1.84
P130356,*c%12ccc(Oc%10cccc%11c(Oc9ccc(n8c(=O)c7ccc(C(=O)Nc6ccc(Oc5ccc(S(c4ccc(Oc3ccc(NC(=O)c2ccc1c(=O)n(*)c(=O)c1c2)cc3)cc4)(=O)(=O))cc5)cc6)cc7c8=O)cc9)cccc%10%11)cc%12,1.83
P074407,*Oc1ccc(Oc2ccc(C(=O)Nc3ccc(Oc4ccc(S(=O)(=O)c8ccc(Oc5ccc(NC(=O)c7ccc(*)cc7)cc5)cc8)cc4)cc3)cc2)cc1c6ccccc6,1.83
P372514,*c%10ccc(C(=O)c9ccc(n8nc(c1ccccc1)c7ccc(Oc4ccc3c(c2ccccc2)nn(*)c(=O)c3c4)cc7c8=O)cc9)cc%10,1.825
P100141,*NC(=O)c1ccc(C(=O)NCC(C)(C)CC(C)CC*)cc1,1.82
P130355,*c%12ccc(Oc%10cccc%11c(Oc9ccc(n8c(=O)c7ccc(C(=O)Nc6ccc(Oc5ccc(C(c4ccc(Oc3ccc(NC(=O)c2ccc1c(=O)n(*)c(=O)c1c2)cc3)cc4)(C(F)(F)F)C(F)(F)F)cc5)cc6)cc7c8=O)cc9)cccc%10%11)cc%12,1.81
P430419,*C(=O)Nc8ccc(Oc7ccc(NC(=O)c6ccc5c(=O)n(c4ccc(Cc3ccc(n2c(=O)c1ccc(*)cc1c2=O)cc3)cc4)c(=O)c5c6)cc7)cc8,1.81
P074444,*Oc1ccc(C(C)(C)c2ccc(C(C)(C)c3ccc(Oc4ccc(C(=O)Nc5ccc(Oc7ccc(S(=O)(=O)c9ccc(Oc8ccc(NC(=O)c6ccc(*)cc6)cc8)cc9)cc7)cc5)cc4)cc3)cc2)cc1,1.8
P373556,*Oc1ccc(S(=O)(=O)c5ccc(Oc2ccc(NC(=O)c3cc(C(=O)Nc4ccc(*)cc4)cc(C(C)(C)C)c3)cc2)cc5)cc1,1.8
P372240,*Oc1ccc(C(C)(C)c2ccc(Oc3ccc(NC(=O)c4cc(C(=O)Nc5ccc(*)cc5)cc(C(C)(C)C)c4)cc3)cc2)cc1,1.8
P430153,*C(=O)N(c%12ccc(Oc%11ccc(NC(=O)c%10ccc9c(=O)n(c8ccc(Oc7ccc(C6(c4ccc(Oc3ccc(n2c(=O)c1ccc(*)cc1c2=O)cc3)cc4)NC(=O)c5ccccc56)cc7)cc8)c(=O)c9c%10)cc%11)cc%12),1.8
P430488,*C(=O)Nc8ccc(S(=O)(=O)c7cccc(NC(=O)c6ccc5c(=O)n(CCCCCC(n2c(=O)c1ccc(*)cc1c2=O))c(=O)c5c6)c7)cc8,1.8
P130050,*C(=O)Nc8ccc(Oc7ccc(NC(=O)c6ccc5c(=O)n(c4ccc(S(=O)(=O)c3ccc(n2c(=O)c1ccc(*)cc1c2=O)cc3)cc4)c(=O)c5c6)cc7)cc8,1.8
P074439,*Oc1ccc(C(C)(C)c2ccc(C(C)(C)c3ccc(Oc4ccc(C(=O)Nc5cc(Oc7ccc(NC(=O)c6ccc(*)cc6)cc7)ccc5)cc4)cc3)cc2)cc1,1.8
P370412,*Oc4cccc5ccc(Oc3ccc(NC(=O)c2ccc(C(C(F)(F)F)(C(F)(F)F)c6ccc(C(=O)Nc1ccc(*)cc1)cc6)cc2)cc3)cc45,1.79
P370421,*Oc4cccc5ccc(Oc3ccc(NC(=O)c2ccc(Oc6ccc(C(C)(C)c8cc(C(C)(C)c9ccc(Oc7ccc(C(=O)Nc1ccc(*)cc1)cc7)cc9)ccc8)cc6)cc2)cc3)cc45,1.775
P370417,*Oc4cccc5ccc(Oc3ccc(NC(=O)c2ccc(Oc6ccc(C(C)(c9ccccc9)c8ccc(Oc7ccc(C(=O)Nc1ccc(*)cc1)cc7)cc8)cc6)cc2)cc3)cc45,1.775
P370416,*Oc4cccc5ccc(Oc3ccc(NC(=O)c2ccc(Oc6ccc(S(=O)(=O)c8ccc(Oc7ccc(C(=O)Nc1ccc(*)cc1)cc7)cc8)cc6)cc2)cc3)cc45,1.72
P430150,*C(=O)Nc%11ccc(Oc%10ccc(C9(c7ccc(Oc6ccc(NC(=O)c5ccc4c(=O)n(c%12ccc(Oc%13ccc(S(=O)(=O)c%14ccc(Oc3ccc(n2c(=O)c1ccc(*)cc1c2=O)cc3)cc%14)cc%13)cc%12)c(=O)c4c5)cc6)cc7)NC(=O)c8ccccc89)cc%10)cc%11,1.72
P430451,*C(=O)Nc9ccc(Sc%10ccc(NC(=O)c8ccc7c(=O)n(c6ccc(Oc5ccc4ccc(Oc3ccc(n2c(=O)c1ccc(*)cc1c2=O)cc3)cc4c5)cc6)c(=O)c7c8)cc%10)cc9,1.71
P373648,*c7ccc(C(=O)Nc8ccc(Oc9ccc(Oc6ccc(NC(=O)c5ccc(Oc3ccc(c1nn(*)c(=O)c2ccccc12)c4ccccc34)cc5)cc6)cc9)cc8)cc7,1.71
P430457,*C(=O)Nc%11ccc(Oc9ccc(C(C(F)(F)F)(C(F)(F)F)c%10ccc(Oc%12ccc(NC(=O)c8ccc7c(=O)n(c6ccc(Oc5ccc4ccc(Oc3ccc(n2c(=O)c1ccc(*)cc1c2=O)cc3)cc4c5)cc6)c(=O)c7c8)cc%12)cc%10)cc9)cc%11,1.71
P402132,*c8ccc(S(=O)(=O)c7ccc(n6nc(c1ccccc1)c5ccc(c4ccc3c(c2ccccc2)nn(*)c(=O)c3c4)cc5c6=O)cc7)cc8,1.705
P074447,*Oc1ccc(C(C)(C)c2cc(C(C)(C)c3ccc(Oc4ccc(C(=O)Nc5cc(NC(=O)c6ccc(*)cc6)ccc5)cc4)cc3)ccc2)cc1,1.7
P074442,*Oc1ccc(C(C)(C)c2ccc(C(C)(C)c3ccc(Oc4ccc(C(=O)Nc5ccc(Oc7ccc(C(C)(C)c9ccc(Oc8ccc(NC(=O)c6ccc(*)cc6)cc8)cc9)cc7)cc5)cc4)cc3)cc2)cc1,1.7
P402222,*NCCCCCCCCCCCCNC(=O)CCCCCCCCCCCCC(=O)*,1.7
P373668,*Oc1c(C#N)c(Oc2ccc(C(=O)Nc3ccc(S(=O)(=O)c5ccc(NC(=O)c4ccc(*)cc4)cc5)cc3)cc2)ccc1,1.7
P074399,*Oc1ccc(Oc2ccc(C(=O)Nc3ccc(Oc4ccc(S(=O)(=O)c5ccc(Oc6ccc(NC(=O)c7ccc(*)cc7)cc6)cc5)cc4)cc3)cc2)cc1,1.69
P392105,*OC(=O)CCC(=O)Oc1ccc(CC(C(=O)OCC)NC(=O)CCc2ccc(*)cc2)cc1,1.6800000000000002
P074402,*Oc1ccc(Oc2ccc(C(=O)Nc3ccc(Oc4ccc(S(=O)(=O)c5ccc(Oc6ccc(NC(=O)c7ccc(*)cc7)cc6)cc5)cc4)cc3)cc2)cc1C,1.68
P430148,*C(=O)Nc%11ccc(Oc%10ccc(C9(c7ccc(Oc6ccc(NC(=O)c5ccc4c(=O)n(c%12ccc(Oc%13cccc(Oc3ccc(n2c(=O)c1ccc(*)cc1c2=O)cc3)c%13)cc%12)c(=O)c4c5)cc6)cc7)NC(=O)c8ccccc89)cc%10)cc%11,1.68
P430156,*C(=O)Nc%13ccc(Oc%12ccc(Oc%11ccc(NC(=O)c%10ccc9c(=O)n(c8ccc(Oc7ccc(C6(c4ccc(Oc3ccc(n2c(=O)c1ccc(*)cc1c2=O)cc3)cc4)NC(=O)c5ccccc56)cc7)cc8)c(=O)c9c%10)cc%11)cc%12)cc%13,1.66
P430459,*C(=O)Nc%11ccc(Oc9ccc(S(=O)(=O)c%10ccc(Oc%12ccc(NC(=O)c8ccc7c(=O)n(c6ccc(Oc5ccc4ccc(Oc3ccc(n2c(=O)c1ccc(*)cc1c2=O)cc3)cc4c5)cc6)c(=O)c7c8)cc%12)cc%10)cc9)cc%11,1.65
P100005,*NC(=O)CCCCC(=O)NCCCCCC*,1.6258666666666668
P430157,*C(=O)Nc%13ccc(Oc%12cc(Oc%11ccc(NC(=O)c%10ccc9c(=O)n(c8ccc(Oc7ccc(C6(c4ccc(Oc3ccc(n2c(=O)c1ccc(*)cc1c2=O)cc3)cc4)NC(=O)c5ccccc56)cc7)cc8)c(=O)c9c%10)cc%11)ccc%12)cc%13,1.61
P074445,*Oc1ccc(C(C)(C)c2ccc(C(C)(C)c3ccc(Oc4ccc(C(=O)Nc5ccc(Oc7ccc(C(C(F)(F)F)(C(F)(F)F)c9ccc(Oc8ccc(NC(=O)c6ccc(*)cc6)cc8)cc9)cc7)cc5)cc4)cc3)cc2)cc1,1.6
P074438,*Oc1ccc(C(C)(C)c2ccc(C(C)(C)c3ccc(Oc4ccc(C(=O)Nc5ccc(Oc7ccc(NC(=O)c6ccc(*)cc6)cc7)cc5)cc4)cc3)cc2)cc1,1.6
P370341,*Oc5ccc4ccc(Oc3ccc(C(=O)Nc2cccc(Oc6ccc(NC(=O)c1ccc(*)cc1)cc6)c2)cc3)cc4c5,1.6
P074440,*Oc1ccc(C(C)(C)c2ccc(C(C)(C)c3ccc(Oc4ccc(C(=O)Nc5ccc(Cc7ccc(NC(=O)c6ccc(*)cc6)cc7)cc5)cc4)cc3)cc2)cc1,1.6
P074441,*Oc1ccc(C(C)(C)c2ccc(C(C)(C)c3ccc(Oc4ccc(C(=O)Nc5ccc(Oc7ccc(Oc8ccc(NC(=O)c6ccc(*)cc6)cc8)cc7)cc5)cc4)cc3)cc2)cc1,1.6
P430146,*C(=O)Nc%11ccc(Oc%10ccc(C9(c7ccc(Oc6ccc(NC(=O)c5ccc4c(=O)n(c%12ccc(Sc3ccc(n2c(=O)c1ccc(*)cc1c2=O)cc3)cc%12)c(=O)c4c5)cc6)cc7)NC(=O)c8ccccc89)cc%10)cc%11,1.59
P392106,*OC(=O)CCC(=O)Oc1ccc(CC(C(=O)OCCCC)NC(=O)CCc2ccc(*)cc2)cc1,1.56
P372512,*c%10ccc(S(=O)(=O)c9ccc(n8nc(c1ccccc1)c7ccc(Oc4ccc3c(c2ccccc2)nn(*)c(=O)c3c4)cc7c8=O)cc9)cc%10,1.55
P392068,*OC(=O)CCCCC(=O)Oc1ccc(CC(C(=O)OCC)NC(=O)CCc2ccc(*)cc2)cc1,1.5425
P430448,*C(=O)Nc9cccc(NC(=O)c8ccc7c(=O)n(c6ccc(Oc5ccc4ccc(Oc3ccc(n2c(=O)c1ccc(*)cc1c2=O)cc3)cc4c5)cc6)c(=O)c7c8)c9,1.53
P074443,*Oc1ccc(C(C)(C)c2ccc(C(C)(C)c3ccc(Oc4ccc(C(=O)Nc5ccc(Oc7ccc(c9ccc(Oc8ccc(NC(=O)c6ccc(*)cc6)cc8)cc9)cc7)cc5)cc4)cc3)cc2)cc1,1.5
P074448,*Oc1ccc(C(C)(C)c2cc(C(C)(C)c3ccc(Oc4ccc(C(=O)Nc5ccc(Oc7ccc(NC(=O)c6ccc(*)cc6)cc7)cc5)cc4)cc3)ccc2)cc1,1.5
P370348,*Oc5ccc4ccc(Oc3ccc(C(=O)Nc2ccc(Oc7ccc(C(C)(C)c6ccc(C(C)(C)c9ccc(Oc8ccc(NC(=O)c1ccc(*)cc1)cc8)cc9)cc6)cc7)cc2)cc3)cc4c5,1.5
P430154,*C(=O)N(c%12ccc(Oc%11cccc(NC(=O)c%10ccc9c(=O)n(c8ccc(Oc7ccc(C6(c4ccc(Oc3ccc(n2c(=O)c1ccc(*)cc1c2=O)cc3)cc4)NC(=O)c5ccccc56)cc7)cc8)c(=O)c9c%10)c%11)cc%12),1.5
P074455,*Oc1ccc(C(C)(C)c2cc(C(C)(C)c3ccc(Oc4ccc(C(=O)Nc5ccc(Oc7ccc(C(C(F)(F)F)(C(F)(F)F)c9ccc(Oc8ccc(NC(=O)c6ccc(*)cc6)cc8)cc9)cc7)cc5)cc4)cc3)ccc2)cc1,1.5
P074454,*Oc1ccc(C(C)(C)c2cc(C(C)(C)c3ccc(Oc4ccc(C(=O)Nc5ccc(Oc7ccc(S(=O)(=O)c9ccc(Oc8ccc(NC(=O)c6ccc(*)cc6)cc8)cc9)cc7)cc5)cc4)cc3)ccc2)cc1,1.5
P074453,*Oc1ccc(C(C)(C)c2cc(C(C)(C)c3ccc(Oc4ccc(C(=O)Nc5ccc(Oc7ccc(c9ccc(Oc8ccc(NC(=O)c6ccc(*)cc6)cc8)cc9)cc7)cc5)cc4)cc3)ccc2)cc1,1.5
P392108,*OC(=O)CCCCC(=O)Oc1ccc(CC(C(=O)OCCCC)NC(=O)CCc2ccc(*)cc2)cc1,1.49
P100009,*NC(=O)CCCCCCCCC(=O)NCCCCCC*,1.4825
P392113,*OC(=O)CCCCCCCCC(=O)Oc1ccc(CC(C(=O)OCC)NC(=O)CCc2ccc(*)cc2)cc1,1.44
P372513,*c%10ccc(S(=O)(=O)c9ccc(n8nc(c1ccccc1)c7ccc(c6ccc(C(C)(C)c5ccc(c4ccc3c(c2ccccc2)nn(*)c(=O)c3c4)cc5)cc6)cc7c8=O)cc9)cc%10,1.4300000000000002
P392107,*OC(=O)CCC(=O)Oc1ccc(CC(C(=O)OCCCCCCCC)NC(=O)CCc2ccc(*)cc2)cc1,1.4100000000000001
P392071,*OC(=O)CCC(=O)Oc1ccc(CC(C(=O)OCCCCCC)NC(=O)CCc2ccc(*)cc2)cc1,1.406
P370347,*Oc5ccc4ccc(Oc3ccc(C(=O)Nc2ccc(Oc7ccc(C(C(F)(F)F)(C(F)(F)F)c6ccc(Oc8ccc(NC(=O)c1ccc(*)cc1)cc8)cc6)cc7)cc2)cc3)cc4c5,1.4
P370344,*Oc5ccc4ccc(Oc3ccc(C(=O)Nc2ccc(Oc7ccc(C(C)(C)c6ccc(Oc8ccc(NC(=O)c1ccc(*)cc1)cc8)cc6)cc7)cc2)cc3)cc4c5,1.4
P074451,*Oc1ccc(C(C)(C)c2cc(C(C)(C)c3ccc(Oc4ccc(C(=O)Nc5ccc(Oc7ccc(Oc8ccc(NC(=O)c6ccc(*)cc6)cc8)cc7)cc5)cc4)cc3)ccc2)cc1,1.4
P074452,*Oc1ccc(C(C)(C)c2cc(C(C)(C)c3ccc(Oc4ccc(C(=O)Nc5ccc(Oc7ccc(C(C)(C)c9ccc(Oc8ccc(NC(=O)c6ccc(*)cc6)cc8)cc9)cc7)cc5)cc4)cc3)ccc2)cc1,1.4
P370346,*Oc5ccc4ccc(Oc3ccc(C(=O)Nc2ccc(Oc7ccc(C(c9ccccc9)(C)c6ccc(Oc8ccc(NC(=O)c1ccc(*)cc1)cc8)cc6)cc7)cc2)cc3)cc4c5,1.4
P370343,*Oc5ccc4ccc(Oc3ccc(C(=O)Nc2ccc(C(C)(C)c7ccc(C(C)(C)c6ccc(NC(=O)c1ccc(*)cc1)cc6)cc7)cc2)cc3)cc4c5,1.4
P370338,*Oc5ccc4ccc(Oc3ccc(C(=O)Nc2cccc(NC(=O)c1ccc(*)cc1)c2)cc3)cc4c5,1.4
P392109,*OC(=O)CCCCCCC(=O)Oc1ccc(CC(C(=O)OCC)NC(=O)CCc2ccc(*)cc2)cc1,1.3900000000000001
P373656,*Oc1ccc(C(C)(C)c2ccc(Oc3ccc(c4ccc(NC(=O)c5cc(C(=O)Nc6ccc(c7ccc(*)c(C(F)(F)F)c7)cc6)cc(C(C)(C)C)c5)cc4)cc3(C(F)(F)F))cc2)cc1,1.39
P100004,*NC(=O)CCCCC*,1.3721270270270274
P373653,*Oc1ccc(NC(=O)c2cc(C(=O)Nc3ccc(*)cc3)cc(C(C)(C)C)c2)cc1,1.35
P373555,*Oc1ccc(Oc2ccc(NC(=O)c3cc(C(=O)Nc4ccc(*)cc4)cc(C(C)(C)C)c3)cc2)cc1,1.35
P373655,*Oc1ccc(C(C(F)(F)F)(C(F)(F)F)c2ccc(Oc3ccc(c4ccc(NC(=O)c5cc(C(=O)Nc6ccc(c7ccc(*)c(C(F)(F)F)c7)cc6)cc(C(C)(C)C)c5)cc4)cc3(C(F)(F)F))cc2)cc1,1.32
P373654,c1ccc3c(c1)C(c4ccc(O*)cc4)(c5ccc(Oc6ccc(c7ccc(NC(=O)c8cc(C(=O)Nc9ccc(c%10ccc(*)c(C(F)(F)F)c%10)cc9)cc(C(C)(C)C)c8)cc7)cc6C(F)(F)F)cc5)c2ccccc23,1.3
P074450,*Oc1ccc(C(C)(C)c2cc(C(C)(C)c3ccc(Oc4ccc(C(=O)Nc5ccc(Cc7ccc(NC(=O)c6ccc(*)cc6)cc7)cc5)cc4)cc3)ccc2)cc1,1.3
P074449,*Oc1ccc(C(C)(C)c2cc(C(C)(C)c3ccc(Oc4ccc(C(=O)Nc5cc(Oc7ccc(NC(=O)c6ccc(*)cc6)cc7)ccc5)cc4)cc3)ccc2)cc1,1.3
P392110,*OC(=O)CCCCCCC(=O)Oc1ccc(CC(C(=O)OCCCC)NC(=O)CCc2ccc(*)cc2)cc1,1.24
P100439,*NC(CCC(=O)OCC1=CC=CC=C1)C(=O)*,1.185
P100024,*NC(=O)CCCCCCCCCC*,1.168076923076923
P070574,*Oc1cc(NC(=O)CCCCC(=O)Nc2ccc(*)cc2)ccc1,1.1
P100025,*NC(=O)CCCCCCCCCCC*,0.8988571428571429
P402249,*NC(=O)c1ccc%10cc(C(=O)Nc2ccc(C(P5(=O)Oc3ccccc3c4ccccc45)(P8(=O)Oc6ccccc6c7ccccc78)c9ccc(*)cc9)cc2)ccc%10c1,0.869
P402150,*S(=O)(=O)c1ccc(NC(=O)c2cc(C(=O)Nc3ccc(*)cc3)ccc2)cc1,0.578805
P402245,*NC(=O)c1ccc(C(=O)Nc2ccc(C(P5(=O)Oc3ccccc3c4ccccc45)(P8(=O)Oc6ccccc6c7ccccc78)c9ccc(*)cc9)cc2)cc1,0.5305
P402244,*NC(=O)c1cc(C(=O)Nc2ccc(C(P5(=O)Oc3ccccc3c4ccccc45)(P8(=O)Oc6ccccc6c7ccccc78)c9ccc(*)cc9)cc2)ccc1,0.5305
P402246,*NC(=O)c1ccc(C(C(F)(F)F)(C(F)(F)F)c%10ccc(C(=O)Nc2ccc(C(P5(=O)Oc3ccccc3c4ccccc45)(P8(=O)Oc6ccccc6c7ccccc78)c9ccc(*)cc9)cc2)cc%10)cc1,0.5305
P402247,*NC(=O)c1cc(C(=O)Nc2ccc(C(P5(=O)Oc3ccccc3c4ccccc45)(P8(=O)Oc6ccccc6c7ccccc78)c9ccc(*)cc9)cc2)cc(C(C)(C)C)c1,0.5305
P402248,*NC(=O)c1ccc(c%10ccc(C(=O)Nc2ccc(C(P5(=O)Oc3ccccc3c4ccccc45)(P8(=O)Oc6ccccc6c7ccccc78)c9ccc(*)cc9)cc2)cc%10)cc1,0.5305
P373026,*Cc%10ccc(C(=O)Nc9ccc(C(c2ccc(NC(=O)c1ccc(*)cc1)cc2)(P5(=O)Oc3ccccc3c4ccccc45)P8(=O)Oc6ccccc6c7ccccc78)cc9)cc%10,0.5305
P392069,*OC(=O)CCCCC(=O)Oc1ccc(CC(C(=O)OCCCCCC)NC(=O)CCc2ccc(*)cc2)cc1,0.431
P100822,*NC(=O)CNC(=O)CCCCC(=O)NCCCCCC*,0.43
P100163,*S(=O)(=O)c1ccc(NC(=O)CCCCCCCCC(=O)Nc2ccc(*)cc2)cc1,0.38641333333333333
P432678,*n4c(=O)c3ccc(C(C(F)(F)F)(C(F)(F)F)c2ccc1c(=O)n(CC(=O)Nc5ccc(Oc6ccc(c9oc(c7ccc(Oc8ccc(NC(=O)C*)cc8)cc7)nn9)cc6)cc5)c(=O)c1c2)cc3c4=O,0.329
P370381,*c8ccc(Oc7ccc(NC(=O)c6cc(C(=O)Nc3ccc(Oc2ccc(c1nnc(*)o1)cc2)cc3)cc(n5c(=O)c4ccccc4c5=O)c6)cc7)cc8,0.31
P370382,*c8ccc(Oc7cccc(NC(=O)c6cc(C(=O)Nc3cc(Oc2ccc(c1nnc(*)o1)cc2)ccc3)cc(n5c(=O)c4ccccc4c5=O)c6)c7)cc8,0.29
P392114,*OC(=O)CCCCCCCCC(=O)Oc1ccc(CC(C(=O)OCCCC)NC(=O)CCc2ccc(*)cc2)cc1,0.28
P370385,*c8ccc(Oc7cccc(NC(=O)c6cc(C(=O)Nc3cc(Oc2ccc(c1nnc(*)o1)cc2)ccc3)cc(n5c(=O)c4c(Cl)c(Cl)c(Cl)c(Cl)c4c5=O)c6)c7)cc8,0.255
P432673,*n4c(=O)c3ccc(C(C(F)(F)F)(C(F)(F)F)c2ccc1c(=O)n(CC(=O)Nc5ccc(Oc6ccc(C(C)(C)c7ccc(Oc8ccc(NC(=O)C*)cc8)cc7)cc6)cc5)c(=O)c1c2)cc3c4=O,0.2487
P432675,*CC(=O)Nc%14ccc(Oc%13ccc%12nc(c1ccccc1)c(c%11ccc(Oc%10ccc(c8nc7cc(Oc6ccc(NC(=O)Cn5c(=O)c4ccc(C(c3ccc2c(=O)n(*)c(=O)c2c3)(C(F)(F)F)C(F)(F)F)cc4c5=O)cc6)ccc7nc8c9ccccc9)cc%10)cc%11)nc%12c%13)cc%14,0.235
P370384,*c8ccc(Oc7ccc(NC(=O)c6cc(C(=O)Nc3ccc(Oc2ccc(c1nnc(*)o1)cc2)cc3)cc(n5c(=O)c4c(Cl)c(Cl)c(Cl)c(Cl)c4c5=O)c6)cc7)cc8,0.235
P432669,*n4c(=O)c3ccc(C(C(F)(F)F)(C(F)(F)F)c2ccc1c(=O)n(CC(=O)Nc5ccc(Oc6ccc(Oc7ccc(NC(=O)C*)cc7)cc6)cc5)c(=O)c1c2)cc3c4=O,0.225
P392070,*OC(=O)CCCCC(=O)Oc1ccc(CC(C(=O)OCCCCCCCC)NC(=O)CCc2ccc(*)cc2)cc1,0.2025
P432674,*CC(=O)Nc%14ccc(Oc%13ccc%12nc(c1ccccc1)c(c%11ccc(c8nc7cc(Oc6ccc(NC(=O)Cn5c(=O)c4ccc(C(c3ccc2c(=O)n(*)c(=O)c2c3)(C(F)(F)F)C(F)(F)F)cc4c5=O)cc6)ccc7nc8c9ccccc9)cc%11)nc%12c%13)cc%14,0.199
P402422,*NCCCCCCNC(=O)CCCCCCCC1C(CCCCCCCC)C(CCCCCC)C=CC1CCCCCCCC(=O)*,0.18
P070231,*OC1=CC=C(NC(=O)C2=CC(C(=O)NC3=CC=C(*)C=C3)=CC=C2)C=C1,0.17898
P432672,*n4c(=O)c3ccc(C(C(F)(F)F)(C(F)(F)F)c2ccc1c(=O)n(CC(=O)Nc5ccc(Oc6ccc(S(=O)(=O)c7ccc(Oc8ccc(NC(=O)C*)cc8)cc7)cc6)cc5)c(=O)c1c2)cc3c4=O,0.1706
P392072,*OC(=O)CCCCCCCCC(=O)Oc1ccc(CC(C(=O)OCCCCCC)NC(=O)CCc2ccc(*)cc2)cc1,0.0026
