 *C(=O)NCCCCCCNC(=O)C1=COC=C(*)O1,77.0
 *NNC(=O)CCC(=O)NNC(=O)CCCCC(*)=O,285.0
 *CCCCNC(=O)c1ccc(C(=O)N*)c(Oc2ccccc2)c1,215.0
 *CCCCCCNC(=O)C(CCCCCCCCCCCCCCCCC)C(=O)N*,166.0
 *CCCCCCCCCCCCCCCCCCNC(=O)CCc1ccc(CCC(=O)N*)cc1,232.0
 *CCCNC(=O)C(OC)C(OC)C(=O)N*,254.2
 *CCCCCCNC(=O)CC(=O)N*,243.33333333333334
 *CCc1ccc(CCNC(=O)CCCCCCCCC(=O)N*)cc1,292.5
 *NC(CC)CC(*)=O,355.0
 *CC(C)(CCCC)C(=O)N*,72.0
 *CCC(=O)NCCCCCCNC(=O)CCS*,215.5
 *CCCCCCCCCCCCC(=O)N*,182.5
 *CCCCCC(=O)NCCCCCOCCCCCNC(=O)CCCCO*,98.5
 *CCCCCCCNC(=O)CCCCCCCCC(=O)N*,197.66666666666666
 *CCCCCCNC(=O)C(CCCCCC)C(=O)N*,144.5
 *CCCCCCCCc1nc2cc(NC(=O)CCCCC(=O)Nc3ccc4oc(*)nc4c3)ccc2o1,228.2
 *CCCC(=O)Nc1ccc(NC(=O)CCCOC(=O)c2cccc(C(=O)O*)c2)cc1,175.0
 *CCNC(=O)CCCCC(=O)NCCNC(=O)C(=O)N*,359.0
 *NC(C)C(=O)NCCCCCCCCCCC(*)=O,242.5
 *CCCCCCCCC(=O)NCc1ccc(CNC(=O)CCCCCCCCS*)cc1,214.0
 *CCCCC(=O)NCCc1ccc(CCNC(=O)CCCCS*)cc1,252.0
 *CCCCCCOC(=O)c1ccc(NC(=O)CCCCCCCCCCC(=O)Nc2ccc(C(=O)O*)cc2)cc1,203.5
 *CCCCCCCCNC(=O)CC(=O)N*,230.66666666666666
 *CCCCCCCNC(=O)C(OC)C(OC)C(=O)N*,209.0
 *CCNC(=O)CCCCCCCC(=O)NCCNC(=O)C(=O)N*,343.0
 *CCOCC(=O)NCCCCCCNC(=O)CO*,126.0
 *SCC(=O)N/N=C/c1ccc(OCCCCCCOc2ccc(/C=N/NC(=O)CSc3nnc(*)s3)cc2OC)c(OC)c1,158.0
 *CCCCCCNC(=O)CCc1ccc(CCC(=O)N*)cc1,299.0
 *c1ccc(NC(=O)CCCCCCC(=O)Nc2ccc(S(*)(=O)=O)cc2)cc1,192.0
 *C/C=C/COC(=O)C(Cc1ccccc1)NC(=O)/C=C/C(=O)NC(Cc1ccccc1)C(=O)O*,223.0
 *CCCCCCC(=O)NCCCCCCNC(=O)CCCCCCO*,170.0
 *CC1CC1CNC(=O)C1CC1C(=O)N*,220.0
 *CCCCCC(=O)NCCCCCCNC(=O)CCCO*,152.0
 *CCCCCCCCCCCOC(=O)c1ccc(C(=O)NCCCCNC(=O)c2ccc(C(=O)O*)cc2)cc1,248.0
 *Nc1cccc(/C=C/C(=O)/C=C/c2cccc(NC(=O)c3cccc(C(*)=O)c3)c2)c1,280.0
 *Cc1ccc(CNC(=O)CCCCCCCCCCCCC(=O)N*)cc1,257.0
 *CCCCCCCOC(=O)c1ccc(C(=O)NCCCCNC(=O)c2ccc(C(=O)O*)cc2)cc1,269.0
 *CCOCCOCCOc1cccc(NC(=O)c2ccc(C(=O)Nc3cccc(O*)c3)cc2)c1,265.0
 *CCCCCCNC(=O)Cc1ccc(C(=O)N*)cc1,227.0
 *CCCC(C)CNC(=O)CCCCCCCCCCC(=O)N*,190.0
 *C(=O)Nc1ccc(Oc2ccccc2-c2ccccc2Oc2ccc(NC(=O)c3ccc4c(c3)C(=O)N(c3ccc(Oc5cccc(Oc6ccc(N7C(=O)c8ccc(*)cc8C7=O)cc6)c5)cc3)C4=O)cc2)cc1,317.0
 *CCCCCCCCNC(=O)C(OC)C(OC)C(=O)N*,208.1
 *CCOC(=O)CCCCCNC(=O)c1ccc(C(=O)NCCCCCC(=O)O*)cc1,204.0
 *CCCCCCCCCCNC(=O)CCCCCCCC(=O)N*,206.75
 *Nc1ccccc1NC(=O)CCCCC(*)=O,162.0
 *c1ccc(OC(=O)c2cccc(C(=O)Oc3ccc(C4(*)C(=O)Nc5c(Cl)cc(Cl)cc54)cc3)c2)cc1,400.0
 *CCCCCCC(=O)NCc1ccc(CNC(=O)CCCCCCO*)cc1,229.0
 *CCCCCNC(=O)CCCCCCCCCC(=O)N*,173.0
 *CCCCCCCCCCOC(=O)CCCCCNC(=O)CCCCC(=O)NCCCCCC(=O)O*,137.0
 *Nc1ccc(/C=C/C(*)=O)cc1,228.5
 *CCCCCCCCCCOC(=O)c1ccc(C(=O)NCCCCCCNC(=O)c2ccc(C(=O)O*)cc2)cc1,235.0
 *CC(=O)NCCCCCCNC(=O)COc1ccc(O*)cc1,239.0
 *CC(=O)NCCCCCCNC(=O)CCc1ccc(O*)cc1,226.0
 *CCCCNC(=O)c1ccc(C(=O)N*)c(Sc2ccccc2)c1,283.0
 *CCOCCOc1ccc(NC(=O)c2ccc(C(=O)Nc3ccc(O*)cc3)cc2)cc1,416.0
 *Cc1ccc(CNC(=O)CCCCCCCCCCCCCCCCCCCCC(=O)N*)cc1,225.0
 *CCCCOC(=O)CCCCCNC(=O)CCCCC(=O)NCCCCCC(=O)O*,156.0
 *CCCNC(=O)CCCCC(=O)NCCCO*,200.0
 *CCCCCNC(=O)CCCCCCCCOCCCCCCCCC(=O)NCCCCCO*,128.0
 *CCOCCOCCOc1ccc(NC(=O)c2cccc(C(=O)Nc3ccc(O*)cc3)c2)cc1,292.0
 *C(=O)Nc1ccc(Oc2ccc(NC(=O)c3ccc4c(c3)C(=O)N(c3ccc(Oc5ccc(N6C(=O)c7ccc(*)cc7C6=O)cc5)cc3)C4=O)cc2)cc1,444.0
 *CCCCCCC(=O)NCCc1ccc(CCNC(=O)CCCCCCS*)cc1,234.0
 *CCCCCCCNC(=O)C(CCCCCCCCCCCC)C(=O)N*,147.0
 *Oc1cccc(Oc2ccc(C(=O)O)c(C(=O)Nc3ccc(Oc4ccc(-c5ccc(Oc6ccc(NC(=O)c7cc(*)ccc7C(=O)O)cc6)cc5)cc4)cc3)c2)c1,315.0
 *C(=O)OCCCCOC(=O)c1ccc(NC(=O)c2ccc(N3C(=O)c4ccc(*)cc4C3=O)cc2)cc1,310.0
 *CCCCCNC(=O)CCCCC(=O)NCCCCCNC(=O)C(=O)N*,281.0
 *CCCCCCCCCCCCCCOC(=O)c1ccc(C(=O)NCCCCCNC(=O)c2ccc(C(=O)O*)cc2)cc1,200.0
 *CCCOC(=O)c1ccc(C(=O)NCCCNC(=O)c2ccc(C(=O)O*)cc2)cc1,235.0
 *CCC(=O)OCCCC/C=C/CCCCOC(=O)CCC1NC(=O)C(*)NC1=O,159.0
 *CCCCCCNC(=O)CCCCCCCC(=O)NCCCCCCNC(=O)C(=O)N*,254.0
 *c1ccc(C(=O)NCC(C)(C)CNC(=O)c2ccc(S(*)(=O)=O)cc2)cc1,284.0
 *OC(=O)c1ccc(C(=O)NCNC(=O)c2ccc(C(*)=O)cc2)cc1,327.5
 *CCCCCCCCCCCCNC(=O)c1ccc(C(=O)N*)cc1,296.25
 *CCCCCCCCCNC(=O)CC/C=C/CCC(=O)N*,248.0
 *C(=O)OCCCCCCCCCOC(=O)c1ccc(NC(=O)c2ccc(N3C(=O)c4ccc(*)cc4C3=O)cc2)cc1,198.0
 *Nc1ccc(CCc2ccc(NC(=O)c3ccc(C(*)=O)cc3)cc2)cc1,560.0
 *CCCCCCCCCCCCNC(=O)C(OC)C(OC)C(=O)N*,185.5
 *CCCCCC(=O)NCc1ccc(CNC(=O)CCCCCS*)cc1,237.0
 *CC(C)CCCCC(=O)N*,187.0
 *CCCNC(=O)c1ccc(C(=O)NCCCO*)cc1,284.0
 *C(=O)c1ccc(S(=O)(=O)c2ccc(C(=O)N3CCN(*)CC3)cc2)cc1,380.0
 *Nc1ccc(CCC(*)=O)cc1,362.0
 *Nc1cccc(/C=C/C(*)=O)c1,236.3
 *CCCCCCCCCCCCNC(=O)Cc1ccc(CC(=O)N*)cc1,256.0
 *C(=O)N(*)CC(C)C,215.0
 *Cc1ccc(C(=O)N*)cc1,300.0
 *Cc1cc(C)c(CNC(=O)CCCCCCC(=O)N*)cc1C,270.0
 *CCCCCCCCCCCCCCNC(=O)Cc1ccc(CC(=O)N*)cc1,235.0
 *NC1CCC(CC2CCC(NC(=O)CCCCC(*)=O)CC2)CC1,368.3333333333333
 *CCc1ccc(CCNC(=O)CCCCCCCCCCCCC(=O)N*)cc1,267.0
 *CCCCCCNC(=O)C(CCCCC)C(=O)N*,151.0
 *CCCNC(=O)CCCCCCCC(=O)NCCCOCCO*,128.5
 *C(=O)CCCCC(=O)N1CCN(*)CC1,355.0
 *NNC(=O)C(=O)NNC(=O)CCCCCCCC(*)=O,294.1666666666667
 *CCCCCCCCC(=O)N*,203.0
 *C(=O)Nc1ccc(Oc2cccc3c(Oc4ccc(NC(=O)c5ccc6c(c5)C(=O)N(c5ccc(Oc7cccc8c(Oc9ccc(N%10C(=O)c%11ccc(*)cc%11C%10=O)cc9)cccc78)cc5)C6=O)cc4)cccc23)cc1,405.0
 *C(=O)Nc1ccc(Oc2ccc(Oc3ccc(NC(=O)c4ccc5c(c4)C(=O)N(c4ccc(Oc6ccc7ccc(Oc8ccc(N9C(=O)c%10ccc(*)cc%10C9=O)cc8)cc7c6)cc4)C5=O)cc3)cc2)cc1,407.0
 *CCCCCNC(=O)CCCCCCCCCCCCCCCCC(=O)N*,167.0
 *CNC(=O)CCCCCCCCCCC(=O)N*,259.0
 *CCCCCCNC(=O)CCCCCCCCC(=O)N*,211.705
 *CCCCCOc1ccc(NC(=O)c2cccc(C(=O)Nc3ccc(O*)cc3)c2)cc1,341.0
 *NNC(=O)c1cc(C(=O)NNC(=O)c2cccc(C(*)=O)c2)cc(C(C)(C)C)c1,320.0
 *CCCCNC(=O)CCCCC(=O)N*,288.53999999999996
 *CCCCCCNC(=O)C1C(C)C1C(=O)N*,270.0
 *C(=O)N(*)CCCCCCC,180.0
 *CCCCCCCCNC(=O)CCCCCCCCCCCCC(=O)N*,197.0
 *c1ccc(C(=O)NCC(C)NC(=O)c2ccc(S(*)(=O)=O)cc2)cc1,335.0
 *CCCCCCCCCCNC(=O)c1ccc(Cc2ccc(C(=O)N*)cc2)cc1,256.0
 *Nc1ccc(NC(=O)CCCCCC(*)=O)cc1,372.5
 *C(=O)Nc1ccc(Oc2cccc(NC(=O)c3ccc4c(c3)C(=O)N(c3ccc(Oc5cccc6c(Oc7ccc(N8C(=O)c9ccc(*)cc9C8=O)cc7)cccc56)cc3)C4=O)c2)cc1,375.0
 *C(=O)Nc1ccc(Oc2ccccc2-c2ccccc2Oc2ccc(NC(=O)c3ccc4c(c3)C(=O)N(c3ccc(Oc5ccc(-c6ccc(Oc7ccc(N8C(=O)c9ccc(*)cc9C8=O)cc7)cc6)cc5)cc3)C4=O)cc2)cc1,382.0
 *NNC(=O)c1cc(Cl)c(C(=O)NNC(=O)c2cccc(C(*)=O)c2)cc1Cl,395.0
 *CCCCCCCCCCNC(=O)Cc1ccc(CC(=O)N*)cc1,265.0
 *CCCCCCCCCOC(=O)c1ccc(C(=O)NCCNC(=O)c2ccc(C(=O)O*)cc2)cc1,267.0
 *CCCCCCCCCNC(=O)CCCCCCCCCCCCCCCCCCC(=O)N*,170.0
 *CCCCCCCCCCC(=O)NCCCCCC(=O)N*,184.0
 *Nc1cccc(NC(=O)CCCCCCCCCCC(*)=O)c1,220.0
 *CCCCCNC(=O)CCCCCCCC(=O)NCCCCCNC(=O)C(=O)N*,268.0
 *CCCCCCCCCCCCCNC(=O)CCCCCCCCCCCC(=O)N*,170.5
 *C(=O)OCCCCCCCCCCCCOC(=O)c1ccc(NC(=O)c2ccc(N3C(=O)c4ccc(*)cc4C3=O)cc2)cc1,260.0
 *CCCCCCOC(=O)c1ccc(C(=O)NCCNC(=O)c2ccc(C(=O)O*)cc2)cc1,274.0
 *Cc1ccc(CNC(=O)CCCCCCCCCC(=O)N*)cc1,263.0
 *CCCCCCCCCNC(=O)CCCCCCCCCC(=O)N*,192.0
 *CCCCCCCCCCCCCCOC(=O)c1ccc(C(=O)NCCCCNC(=O)c2ccc(C(=O)O*)cc2)cc1,248.0
 *CCCC(=O)NCc1ccc(CNC(=O)CCCOC(=O)c2ccc(-c3ccc(C(=O)O*)cc3)cc2)cc1,152.0
 *Oc1ccc(NC(=O)c2c(F)c(F)c(C(=O)Nc3ccc(*)cc3)c(F)c2F)cc1,483.0
 *CCNC(=O)CCCCCCCCC(=O)N*,268.0
 *CCCCCCOC(=O)c1ccc(C(=O)NCCCCCCCCCCCCNC(=O)c2ccc(C(=O)O*)cc2)cc1,214.0
 *CCCCCCNC(=O)c1cc(C(=O)N*)cc(C(C)(C)C)c1,244.0
 *CCCCCCCCCCCCNC(=O)CCCCCCCCCCC(=O)N*,180.0
 *CCCCCCCCNC(=O)CCc1ccc(CCC(=O)N*)cc1,289.0
 *OC(=O)CNC(=O)CNC(=O)CCCCCCCCC(=O)NCC(=O)NCC(=O)OC1COC2C(*)COC12,124.0
 *CCCCCNC(=O)CCCCCCCCCCCCCCCCCCC(=O)N*,194.0
 *CCCCCCCCOc1ccc(NC(=O)c2cccc(C(=O)Nc3ccc(O*)cc3)c2)cc1,320.0
 *Oc1ccc(C(=O)c2ccc(NC(=O)c3cccc(C(=O)Nc4ccc(C(=O)c5ccc(*)cc5)cc4)c3)cc2)cc1,352.0
 *Nc1ccc(NC(=O)c2ccc(C(*)=O)cc2Sc2ccc(OCCCOc3ccc(C(=O)c4ccccc4)cc3)cc2)cc1Oc1ccccc1,320.0
 *Nc1ccc(NC(=O)c2c(F)c(F)c(C(*)=O)c(F)c2F)cc1,402.0
 *CCCC(=O)NNC(=O)c1cccc(C(=O)NNC(=O)c2cccc(O*)c2)c1,260.0
 *Nc1ccccc1NC(=O)CCCCCC(*)=O,135.0
 *CCCCCCCCOC(=O)c1ccc(C(=O)NCCCCNC(=O)c2ccc(C(=O)O*)cc2)cc1,276.0
 *Cc1ccc(CN(C)C(=O)CCCCCCCCCCCCCCC(=O)N(*)C)cc1,85.0
 *Oc1cccc(Oc2ccc(NC(=O)c3ccc(C(=O)Nc4ccc(*)cc4)cc3)cc2)c1,443.0
 *Nc1ccc(/C=C/c2ccc(NC(=O)c3ccc(C(*)=O)cc3)cc2)cc1,575.0
 *CCC(C)CC(CC)CNC(=O)c1ccc(C(=O)N*)cc1,200.0
 *CCCCC(=O)NCc1ccc(CNC(=O)CCCCS*)cc1,242.0
 *Oc1cccc2ccc(Oc3ccc(NC(=O)c4ccc(S(=O)(=O)c5ccc(C(=O)Nc6ccc(*)cc6)cc5)cc4)cc3)cc12,289.0
 *C(=O)NCCCCCCCCNC(=O)c1ccnc(*)c1,190.0
 *c1ccc(C(=O)NCCCNC(=O)c2ccc(S(*)(=O)=O)cc2)cc1,298.0
 *CCC(C)CCCC(=O)N*,181.5
 *CCCCCCCCCCCCNC(=O)CCCCCCCCC(=O)NCCCCCCCCCCCCNC(=O)C(=O)N*,217.0
 *CCCC(=O)Nc1ccc(NC(=O)CCCOC(=O)c2ccc(-c3ccc(C(=O)O*)cc3)cc2)cc1,152.0
 *CCCCCCCNC(=O)CCCCCCCC(=O)N*,198.33333333333334
 *NC(C)CC(*)=O,338.75
 *Cc1ccc(CNC(=O)CCCCCCCCCCCCCCCC(=O)N*)cc1,239.0
 *NC(CC(*)=O)C(=O)OC,287.0
 *CCCCCCCCCCC(=O)NCCCCCOCCCCCNC(=O)CCCCO*,126.5
 *CCCCCCCCCCCOC(=O)c1ccc(C(=O)NCCCCCNC(=O)c2ccc(C(=O)O*)cc2)cc1,199.0
 *CCCCCCCCCCOC(=O)c1ccc(C(=O)NCCNC(=O)c2ccc(C(=O)O*)cc2)cc1,277.0
 *C(=O)NCCCCCCCCCCNC(=O)c1ccc(*)s1,250.0
 *Nc1cccc(/C=C/C(=O)/C=C/c2cccc(NC(=O)/C=C/C(*)=O)c2)c1,230.0
 *Nc1ccc(CC(C)(C)NC(=O)CCCCCCCCC(*)=O)cc1,205.0
 *C(=O)c1ccc(N(*)CCC)cc1,319.0
 *OC(=O)c1ccccc1NC(=O)c1ccc(C(=O)Nc2ccccc2C(=O)OC(=O)c2ccc(C(*)=O)cc2)cc1,305.0
 *Oc1ccc(C2(c3ccc(Oc4ccc(-c5ccc(NC(=O)c6cc(C(=O)Nc7ccc(-c8ccc(*)c(C(F)(F)F)c8)cc7)cc(C(C)(C)C)c6)cc5)cc4C(F)(F)F)cc3)c3ccccc3-c3ccccc32)cc1,349.0
 *NC1CCC(CCC2CCC(NC(=O)CCCCCCCCCCC(*)=O)CC2)CC1,293.0
 *CCCCCCCC(=O)NCCCCCCCNC(=O)CCCCCCCC1OCC(COCC2COC(*)O2)O1,145.0
 *CCCCCCCCNC(=O)C(CCCCCCCCCCCC)C(=O)N*,125.0
 *c1ccc(NC(=O)CCCCCCCCC(=O)Nc2ccc(S(*)(=O)=O)cc2)cc1,203.0
 *CCCCCC(=O)NCCc1ccc(CCNC(=O)CCCCCS*)cc1,251.0
 *CCCCCCCCNC(=O)CCCCCCCCCCCCCCCCC(=O)N*,181.5
 *CCCCCCNC(=O)c1ccc(C(=O)N*)cc1,374.77777777777777
 *CCCCCCNC(=O)C(CCCCCCCCCCCCCC)C(=O)N*,150.0
 *CCCCCCNC(=O)C(CCCCCCCCCC)C(=O)N*,133.5
 *CCCCCCCCNC(=O)CCCCCCCCCCCCCCC(=O)N*,185.0
 *CCCNC(=O)CCCCCCCCC(=O)NCCCOCCO*,158.5
 *CCCCCCCCNC(=O)CCC(=O)N*,254.0
 *c1ccc(NC(=O)CCCCCCCCCCC(=O)Nc2ccc(S(*)(=O)=O)cc2)cc1,182.0
 *CCCCCCCCCCCCOC(=O)c1ccc(C(=O)NCCCCCNC(=O)c2ccc(C(=O)O*)cc2)cc1,206.0
 *NNC(=O)c1cccc(C(=O)NNC(=O)C2CCCC(C(*)=O)C2)c1,315.0
 *NC(CCCCNC(=O)CCCCC(=O)NCCCCC(NC(=O)CCCCC(*)=O)C(=O)O)C(=O)O,101.25
 *C(=O)NNC(=O)c1cccc(C(=O)NNC(=O)c2cccc(*)n2)c1,380.0
 *NC(CCC(=O)OCCCCCCCCCC)C(*)=O,-25.4
 *CCCCCCCCCCCCCCCCCCNC(=O)CCCCCCCCCCCCCCCCC(=O)N*,158.0
 *CC1CC1CNC(=O)c1cccc(C(=O)N*)c1,220.0
 *CCCC(=O)NCCCCCOCCCCCNC(=O)CCCO*,137.0
 *Nc1cccc(CCc2ccc(NC(=O)c3cccc(C(*)=O)c3)cc2)c1,485.0
 *C(=O)NCCCCCCCCNC(=O)c1cncc(*)c1,214.0
 *CCCCCCCCCCCCNC(=O)CC(=O)N*,217.0
 *CCCCCCCCCNC(=O)CCCCC(=O)N*,232.25
 *CCOCCOc1ccc(NC(=O)c2cccc(C(=O)Nc3ccc(O*)cc3)c2)cc1,320.0
 *C(=O)c1ccc(C(=O)N(CC)c2ccc(Cc3ccc(N(*)CC)cc3)cc2)cc1,180.0
 *Oc1ccc(NC(=O)c2c(Cl)c(Cl)c(C(=O)Nc3ccc(*)cc3)c(Cl)c2Cl)cc1,452.0
 *Nc1ccccc1NC(=O)CCCCCCCCCCC(*)=O,75.0
 *CCCCCC(=O)NCc1ccc(CNC(=O)CCCCCO*)cc1,234.0
 *CCCCCCCCCCCCOC(=O)c1ccc(NC(=O)CCCCCCCCCCC(=O)Nc2ccc(C(=O)O*)cc2)cc1,167.0
 *CCNC(=O)CCCCCCC(=O)NCCNC(=O)C(=O)N*,348.0
 *CCCCCNC(=O)CCCCCCCCC(=O)NCCCCCNC(=O)C(=O)N*,258.0
 *CCCNC(=O)CCCCC(=O)NCCCNC(=O)C(=O)N*,303.0
 *CCCCC(=O)NCCCCCOCCCCCNC(=O)CCCO*,126.0
 *CCCCCCCCCCCCCCCCC(=O)N*,148.5
 *NNC(=O)c1cccc(C(=O)NNC(=O)C(CCCCCCCCC(Oc2cccc(C=O)c2)C(*)=O)Oc2cccc(C=O)c2)c1,205.0
 *NC(c1ccccc1)C(C)(C)C(*)=O,360.0
 *CCCCCCCCCCC(=O)NCc1ccc(CNC(=O)CCCCO*)cc1,223.0
 *C(=O)COCC(=O)N1CCN(*)CC1,258.0
 *CCCCCC(=O)NCCCCCCNC(=O)CCCCCOC(=O)c1ccc(C(=O)O*)cc1,177.25
 *CCCCCCCCCCCOC(=O)c1ccc(C(=O)NCCNC(=O)c2ccc(C(=O)O*)cc2)cc1,251.0
 *C(=O)Nc1nc(C#N)c(*)n1C,310.0
 *c1ccc(C(=O)NCCNC(=O)c2ccc(S(*)(=O)=O)cc2)cc1,380.0
 *C(=O)NCCCCCCNC(=O)C1COC(*)CO1,300.0
 *CCOCCOc1cccc(NC(=O)c2cccc(C(=O)Nc3cccc(O*)c3)c2)c1,170.0
 *CCCCCCCCCCN1CCN(C(=O)CCCCCCCCC(=O)N2CCN(*)CC2)CC1,129.5
 *CCCCCNC(=O)CCCC(=O)N*,254.33333333333334
 *CCCCNC(=O)Cc1ccc(CNC(=O)CCCO*)cc1,234.0
 *CCNC(=O)c1ccc(C(=O)NCCOC(=O)c2ccc(C(=O)O*)cc2)cc1,332.0
 *C(=O)N(*)CCCCCCCCC=C,210.0
 *C(=O)c1ccc(C(=O)N(CCC)c2ccc(Cc3ccc(N(*)CCC)cc3)cc2)cc1,154.0
 *N/C(C)=C/C(*)=O,252.4
 *C(=O)N(*)CCCCCCCCCCCCCCCCCC,94.0
 *CCCCCCCCCCCCCCOC(=O)c1ccc(C(=O)NCCCNC(=O)c2ccc(C(=O)O*)cc2)cc1,208.0
 *CCCCNC(=O)CCCCCCCCC(=O)NCCCCNC(=O)C(=O)N*,290.5
 *CCCCCCCCOC(=O)c1ccc(C(=O)NCCCNC(=O)c2ccc(C(=O)O*)cc2)cc1,231.0
 *C(=O)NCCCCCCCCNC(=O)c1ccc(*)s1,304.0
 *CCCCCCCCCCCNC(=O)c1ccc(C(=O)N*)cc1,292.0
 *C(=O)c1ccc(N(*)CCCCC)cc1,291.0
 *C(=O)NCCCCCCNC(=O)c1ccc(*)o1,166.66666666666666
 *C(=O)OCCCCCCOC(=O)c1ccc(NC(=O)c2ccc(N3C(=O)c4ccc(*)cc4C3=O)cc2)cc1,315.0
 *Oc1ccc(CNC(=O)c2ccc(C(=O)NCc3ccc(OC4COC5C(*)COC45)cc3)cc2)cc1,234.0
 *NNC(=O)CCCCCCCCC(*)=O,266.0
 *Nc1cccc(CCC(*)=O)c1,181.4
 *c1ccc(OC(=O)c2ccc(C(=O)Oc3ccc(C4(*)NC(=O)c5ccccc54)cc3)cc2)cc1,400.0
 *NNC(=O)CCCCC(=O)NNC(=O)CCCCCCCCC(*)=O,309.3333333333333
 *Nc1ccc(NC(=O)CCCCCCCCCCC(*)=O)cc1,323.0
 *CCNC(=O)CCCCCCCCCCCCCCC(=O)N*,235.0
 *NC(CC(*)=O)C(=O)OCCCCCC,307.0
 *Oc1cccc(NC(=O)CCCCCCCCCC(=O)Nc2ccc(*)cc2)c1,140.0
 *CCCCCCNC(=O)C(CCCCCCCCCCC)C(=O)N*,133.0
 *CCCCCNC(=O)CCCCCCC(=O)NCCCCCNC(=O)C(=O)N*,273.0
 *CCCCCCNC(=O)c1ccc(C(=O)N*)c(Oc2ccc(Br)cc2)c1,224.0
 *Oc1ccc(Oc2ccc(C(=O)c3ccc(NC(=O)CCCCCCCCC(=O)Nc4ccc(C(=O)c5ccc(*)cc5)cc4)cc3)cc2)cc1,334.0
 *CCc1ccc(NC(=O)c2cccc(C(=O)Nc3ccc(CCOC(=O)c4cccc(C(=O)O*)c4)cc3)c2)cc1,262.0
 *C(=O)OCCCCCCCCOC(=O)c1ccc(NC(=O)c2ccc(N3C(=O)c4ccc(*)cc4C3=O)cc2)cc1,281.0
 *C(=O)NCCCCCCNC(=O)c1ccc(*)nc1,264.0
 *CC(=O)NCCCCCCNC(=O)Cc1ccc(*)s1,230.0
 *CCCCCCNC(=O)C(CCC)C(=O)N*,163.0
 *CCCCCNC(=O)CCCCCOCCCCCC(=O)NCCCCCO*,127.0
 *CCCC(=O)NCCCCCCNC(=O)CCCO*,187.0
 *Nc1ccc(NC(=O)c2ccc(C(*)=O)cc2Sc2ccc(Oc3ccc(S(=O)(=O)c4ccccc4)cc3)cc2)cc1Oc1ccccc1,340.0
 *C(=O)N(*)c1cccc(C)c1,200.0
 *CCCCCCCCCCCCNC(=O)CCCCCCCCCCCCC(=O)N*,182.0
 *CCCCCCNC(=O)C(CCCCCCCCCCCCCCCC)C(=O)N*,162.0
 *C(=O)Nc1ccc(Oc2ccccc2-c2ccccc2Oc2ccc(NC(=O)c3ccc4c(c3)C(=O)N(c3ccc(Oc5ccc(Oc6ccc(N7C(=O)c8ccc(*)cc8C7=O)cc6)cc5)cc3)C4=O)cc2)cc1,363.0
 *CCNC(=O)CCCCCCC(=O)N*,260.0
 *CCCCCCNC(=O)C(CCCCCCCC)C(=O)N*,132.0
 *CNC(=O)CCCCCCCCC(=O)N*,266.0
 *C(=O)NNC(=O)c1cccc(C(=O)NNC(=O)c2cnc(*)cn2)c1,380.0
 *NC(CCC(=O)OCCCCCCCCCCCCCCCC)C(*)=O,51.0
 *Nc1ccc(NC(=O)c2cc(SCCCCCCCC)c(C(*)=O)cc2SCCCCCCCC)cc1,400.0
 *C(=O)CCN(CCN(CCC(=O)N1CCN(*)CC1)C(C)C)C(C)C,97.0
 *c1ccc(OC(=O)c2cccc(C(=O)Oc3ccc(C4(*)NC(=O)c5ccccc54)cc3)c2)cc1,400.0
 *CCCCCCCCCCCCCCCCCCNC(=O)CCCCCCCCCCC(=O)N*,170.0
 *CCCCCCc1nc2cc(NC(=O)CCCCCCCCC(=O)Nc3ccc4oc(*)nc4c3)ccc2o1,175.0
 *CCCCNC(=O)CCCCCCCCCCCCCCCCC(=O)N*,218.0
 *OC(C)CNC(=O)CC(*)C,210.0
 *C(=O)NNC(=O)c1cccc(*)n1,360.0
 *CCCCCNC(=O)C(CCCCCCCCCCCC)C(=O)N*,208.0
 *CCCCCCCCOC(=O)CCCCCNC(=O)CCCCC(=O)NCCCCCC(=O)O*,140.0
 *CC(=O)NCC(=O)O*,199.0
 *C(=O)CCN1CCN(CCC(=O)N2CCN(*)C(C)C2)CC1,217.0
 *CCCCCCCCCCC(=O)NCc1ccc(CNC(=O)CCCO*)cc1,220.0
 *Nc1ccc(CC(C)(C)NC(=O)c2ccc(C(*)=O)cc2)cc1,360.0
 *CCC(=O)OCCC/C=C/CCCOC(=O)CCC1NC(=O)C(*)NC1=O,153.0
 *NC1CCC(CC2CCC(NC(=O)CCCCCCCCCCCCC(*)=O)CC2)CC1,246.0
 *CCCCCCCCC(=O)NCCc1ccc(CCNC(=O)CCCCCCCCS*)cc1,222.0
 *CCNC(=O)CCCCCCCCCCC(=O)N*,260.5
 *OC(=O)c1ccccc1NC(=O)c1ccc(C(=O)Nc2ccccc2C(=O)OC(=O)c2cccc(C(*)=O)c2)cc1,288.0
 *CCOC(=O)c1ccc(NC(=O)CCCCCCCCCCC(=O)Nc2ccc(C(=O)O*)cc2)cc1,242.0
 *CCCCCCCCC(=O)NCCCCCCNC(=O)CCCO*,155.0
 *CCCCCCCCCCC(=O)NCc1ccc(CNC(=O)CCCCCCCCCCS*)cc1,200.0
 *CCCCNC(=O)CCCCC(=O)NCCCCNC(=O)C(=O)N*,325.0
 *C(=O)c1ccc(C(=O)N(C)N(*)C)cc1,340.0
 *CCCCCCCCCCCOC(=O)c1ccc(C(=O)NCCCCCCNC(=O)c2ccc(C(=O)O*)cc2)cc1,217.0
 *CCCCCCCCCCCC(=O)NCC(=O)N*,229.5
 *NC(CC(*)=O)C(=O)OCCCCCCCCCCCCCCCCCC,330.0
 *CCCCCCCCCCCNC(=O)CCCCCCCCC(=O)NCCCCCCCCCCCNC(=O)C(=O)N*,221.0
 *CCNC(=O)c1ccc(-c2ccc(C(=O)NCCOC(=O)CCCCCCCCC(=O)O*)cc2)cc1,271.5
 *CCCCCNC(=O)CCCCCCOCCCCCCC(=O)NCCCCCO*,127.5
 *CCCNC(=O)Cc1ccc(C(=O)N*)cc1,281.0
 *C(=O)Nc1ccc(Oc2cccc(Oc3ccc(NC(=O)c4ccc5c(c4)C(=O)N(c4ccc(Oc6ccc7ccc(Oc8ccc(N9C(=O)c%10ccc(*)cc%10C9=O)cc8)cc7c6)cc4)C5=O)cc3)c2)cc1,398.0
 *CCCCCCCCCCNC(=O)c1ccc(C(=O)N*)c(Sc2ccccc2)c1,144.0
 *CCCCCCNC(=O)C(CCCCCCCCCCCCCCC)C(=O)N*,164.0
 *C(=O)NCCCCCCNC(=O)c1cccnc1*,103.0
 *CCCCCCNC(=O)C(CCCCCCC)C(=O)N*,135.0
 *Oc1ccc(NC(=O)CCCCCC(=O)Nc2ccc(*)cc2)cc1,315.0
 *Oc1ccc(CCNC(=O)c2cccc(C(*)=O)c2)cc1,287.0
 *CCCCCCCNC(=O)CCCCCC(=O)N*,216.5
 *CCCCCCCNC(=O)CCCCCCC(=O)N*,224.66666666666666
 *CCCC(C)CNC(=O)c1ccc(C(=O)N*)cc1,270.75
 *CCCCCCNC(=O)CCCCCCCC(=O)N*,213.96666666666667
 *CCCCNC(=O)CCCCCCCCC(=O)N*,248.0
 *CCCCCOC(=O)c1ccc(C(=O)NCCCCCCNC(=O)c2ccc(C(=O)O*)cc2)cc1,255.0
 *SCC(=O)N/N=C/c1ccc(OCCCCOc2ccc(/C=N/NC(=O)CSc3nnc(*)s3)cc2)cc1,315.0
 *C(=O)N(*)CCCCC,209.0
 *CCCCCCCCCCNC(=O)c1cccc(C(=O)N*)c1,186.0
 *CCNC(=O)c1ccc(C(=O)N*)cc1,427.5
 *OC(=O)c1ccc(NC(=O)CCCCC(=O)Nc2ccc(C(=O)OC(=O)c3ccc(C(*)=O)cc3)cc2)cc1,284.0
 *CCCCCCOC(=O)C(Cc1ccccc1)NC(=O)/C=C/C(=O)NC(Cc1ccccc1)C(=O)O*,216.0
 *CCCCCCC(=O)NCc1ccc(CNC(=O)CCCO*)cc1,200.0
 *CCCCNC(=O)CCCCCC(=O)NCCCCNC(=O)C(=O)N*,301.0
 *Nc1cccc(CCc2ccc(NC(=O)c3ccc(C(*)=O)cc3)cc2)c1,415.0
 *CCCCCCOC(=O)c1ccc(C(=O)NCc2ccc(CNC(=O)c3ccc(C(=O)O*)cc3)cc2)cc1,285.0
 *CCCCCCCCCCCCCCNC(=O)CCCCCCCCCCC(=O)N*,175.0
 *CCOC(=O)CCCCCNC(=O)CCCCC(=O)NCCCCCC(=O)O*,163.0
 *NC(CCC(=O)OCCCCCCCCCCCCCCCCCC)C(*)=O,63.1
 *Cc1ccc(CNC(=O)CCCCCCCCCCCCCCCCC(=O)N*)cc1,242.0
 *CCCCCCNC(=O)c1cc(OC(=O)/C=C/c2ccccc2)cc(C(=O)N*)c1,183.0
 *CCCCCCCCCCCCCCCCCCNC(=O)Cc1ccc(CC(=O)N*)cc1,225.0
 *CCCCCCCCOC(=O)c1ccc(C(=O)NCCCCCCNC(=O)c2ccc(C(=O)O*)cc2)cc1,238.0
 *C(=O)NCCCCCCNC(=O)c1cc(O)cc(*)n1,178.0
 *CCCCCC(=O)NCCOC(=O)CCCCC(=O)O*,41.75
 *NC(CC(*)=O)c1ccccc1,330.0
 *CCCCCCCCCCC(=O)N*,181.135
 *CCCCCCCCCCOC(=O)CCCCCNC(=O)c1ccc(C(=O)NCCCCCC(=O)O*)cc1,166.0
 *Oc1ccc(NC(=O)CCCCCCC(=O)Nc2ccc(*)cc2)cc1,310.0
 *CCCCCCNC(=O)CCCC(=O)O*,120.70800000000001
 *CCCCCCNC(=O)C(CCCCCCCCC)C(=O)N*,137.0
 *Nc1ccc(Cc2ccc(NC(=O)c3cccc(C(*)=O)c3)cc2)cc1,416.0
 *CCC(=O)N(CCN(C(=O)CCN1CCN(*)CC1)C(C)C)C(C)C,210.0
 *Nc1ccc(Cc2ccc(NC(=O)CCCCCCCC(*)=O)cc2)cc1,268.0
 *c1ccc(C(=O)NC(CC)COC(=O)c2ccc(N3C(=O)CC(SCCCCCSC4CC(=O)N(*)C4=O)C3=O)cc2)cc1,158.0
 *C(=O)c1ccc(C(=O)N(CC)c2ccc(-c3ccc(N(*)CC)cc3C)c(C)c2)cc1,252.5
 *c1ccc(C(=O)NCCCCNC(=O)c2ccc(S(*)(=O)=O)cc2)cc1,358.0
 *Nc1ccccc1/C=C/C(*)=O,191.6
 *CC(=O)NCCCCCCNC(=O)CC1COC(*)CO1,258.0
 *C(=O)Nc1ccc(Oc2ccc(N3C(=O)c4ccc(*)cc4C3=O)cc2)cc1,431.0
 *CCCCCCCCCCCCNC(=O)c1ccc(C(=O)N*)c(Sc2ccccc2)c1,131.0
 *Cc1cc(CNC(=O)c2cccc(C(=O)N*)c2)cc(C(C)(C)C)c1,272.5
 *C(=O)NCCCCCCCCCCNC(=O)c1ccc(*)o1,130.0
 *CCCCCCN1C(=O)c2ccc(C(=O)Nc3ccc(S(=O)(=O)c4cccc(NC(=O)c5ccc6c(c5)C(=O)N(*)C6=O)c4)cc3)cc2C1=O,336.0
 *CCCCCCCCCNC(=O)CCCCCCCCC(=O)N*,175.0
 *Oc1cccc(Oc2ccc(NC(=O)c3ccc(Oc4cccc(Oc5ccc(C(=O)Nc6ccc(*)cc6)cc5)c4)cc3)cc2)c1,295.0
 *Cc1ccc(CNC(=O)CCCCCCC(=O)N*)cc1,302.5
 *CCCCCCCCCCCC(=O)N(*)C,49.96666666666666
 *NNC(=O)C(=O)NNC(=O)CCCCCCCCC(*)=O,300.0
 *C(=O)c1ccc(C(=O)N(CC)c2ccc(Cc3ccc(N(*)CC)c(C)c3)cc2C)cc1,176.5
 *Nc1cccc(NC(=O)CCCCCC(*)=O)c1,174.0
 *C(=O)N(*)CCCCCCCCCCC,155.0
 *CCCCCCNC(=O)c1cc(NC(=O)/C=C/c2ccccc2)cc(C(=O)N*)c1,192.0
 *Nc1ccc(Cc2ccc(NC(=O)c3ccc(C(*)=O)cc3)cc2)cc1,500.0
 *Oc1cccc(Oc2ccc(C(=O)c3ccc(NC(=O)c4ccc(C(=O)Nc5ccc(C(=O)c6ccc(*)cc6)cc5)cc4)cc3)cc2)c1,388.0
 *C(=O)NNC(=O)c1cccc(C(=O)NNC(=O)c2ccc(*)nc2)c1,345.0
 *CCCCCCNC(=O)c1ccccc1C(=O)N*,150.0
 *CCCCNC(=O)CCCCCCCC(=O)N*,228.0
 *NNC(=O)c1cc(Cl)cc(C(=O)NNC(=O)c2cccc(C(*)=O)c2)c1,350.0
 *CCCCCOc1cccc(NC(=O)c2ccc(C(=O)Nc3cccc(O*)c3)cc2)c1,275.0
 *CCCCCCCCCNC(=O)CCCCCC(=O)N*,197.0
 *OC(=O)c1ccc(NC(=O)CCCCC(=O)Nc2ccc(C(=O)OC(=O)c3cccc(C(*)=O)c3)cc2)cc1,270.0
 *CCCCCCCCCCCNC(=O)CCCCCCCCCCCCCCCCCCC(=O)N*,167.0
 *CCCCCNC(=O)c1ccc(C(=O)N*)cc1,339.3333333333333
 *SCC(=O)N/N=C/c1ccc(OCCCCCCOc2ccc(/C=N/NC(=O)CSc3nnc(*)s3)cc2)cc1,210.0
 *CCc1ccc(CCNC(=O)CCCCCCCCCCCCCC(=O)N*)cc1,248.0
 *Oc1cccc(NC(=O)CCCCCC(=O)Nc2ccc(*)cc2)c1,170.0
 *CCCCCCNC(=O)CCP(=O)(CCC(=O)N*)c1ccccc1,55.0
 *C(=O)N(*)c1ccc(OC)cc1,213.0
 *CCCCCCCCNC(=O)CCCCCCCC(=O)N*,200.0
 *CCCCCCCCCCCCOC(=O)c1ccc(C(=O)NCCCCCCNC(=O)c2ccc(C(=O)O*)cc2)cc1,231.0
 *CCCNC(=O)CCCCCCCCC(=O)NCCCNC(=O)C(=O)N*,276.0
 *CCCCNC(=O)C(=O)N*,388.0
 *NC(C)(C)CC(*)=O,296.0
 *CCCCCCNC(=O)C(CCCC)C(=O)N*,160.5
 *CCCC(=O)NCCCCCCNC(=O)CCCOC(=O)c1ccc2cc(C(=O)O*)ccc2c1,160.0
 *CCCCCCOC(=O)c1ccc(C(=O)NCCCCCCNC(=O)c2ccc(C(=O)O*)cc2)cc1,259.0
 *CC1CCC(CNC(=O)c2cc(C(=O)N*)cc(C(C)(C)C)c2)CC1,311.0
 *C(=O)Nc1ccc(Oc2ccc(Oc3ccc(NC(=O)c4ccc5c(c4)C(=O)N(c4ccc(Oc6cccc7c(Oc8ccc(N9C(=O)c%10ccc(*)cc%10C9=O)cc8)cccc67)cc4)C5=O)cc3)cc2)cc1,430.0
 *Oc1cccc2ccc(Oc3ccc(NC(=O)c4ccc(Oc5ccc(C(=O)Nc6ccc(*)cc6)cc5)cc4)cc3)cc12,338.0
 *CCCCCCCCCCNC(=O)c1ccccc1C(=O)N*,115.0
 *C(=O)CCN1CCN(CCC(=O)N2CCN(*)CC2)C(C)C1,218.0
 *CCCCCCC(=O)NCCCCCCNC(=O)CCCO*,149.0
 *c1ccc(NC(=O)CCCCCCCCC(=O)NS(*)(=O)=O)cc1,117.0
 *C(=O)Nc1ccc(Oc2ccc(NC(=O)c3ccc4c(c3)C(=O)N(C3CCC(CC5CCC(N6C(=O)c7ccc(*)cc7C6=O)CC5)CC3)C4=O)cc2)cc1,411.0
 *CCCC(=O)Nc1ccc(NC(=O)CCCOC(=O)c2ccc(C(=O)O*)cc2)cc1,160.0
 *CCCCCCCCCCCNC(=O)CCCCCCCCCCC(=O)N*,188.0
 *C(=O)Nc1ccc(Oc2ccc(-c3ccc(Oc4ccc(NC(=O)c5ccc6c(c5)C(=O)N(c5ccc(Oc7ccc(S(=O)(=O)c8ccc(Oc9ccc(N%10C(=O)c%11ccc(*)cc%11C%10=O)cc9)cc8)cc7)cc5)C6=O)cc4)cc3)cc2)cc1,381.0
 *CCCCCOC(=O)c1ccc(C(=O)NCCCCCNC(=O)c2ccc(C(=O)O*)cc2)cc1,198.0
 *CCCCCCCCCCNC(=O)CCCCCCCCCCCCCCCCC(=O)N*,173.0
 *CCCCNC(=O)CC(=O)N*,275.3333333333333
 *CCCCCCCCCCCCOc1ccc(C(=O)Nc2ccc(-c3ccc(NC(=O)c4ccc(O*)cc4)c(Cl)c3)cc2Cl)cc1,245.0
 *CCCNC(=O)CC/C=C/CCC(=O)N*,271.0
 *C(=O)NCCCCCCCCCCNC(=O)c1ccnc(*)c1,190.0
 *CCCP(CCCCCCCC)CCCNC(=O)CCCCC(=O)N*,135.0
 *CCN(CC)C(=O)c1ccc(C(=O)N(*)CC)cc1,230.0
 *CCCCCCNC(=O)CCCCCCCCCCCCC(=O)N*,208.0
 *CCCCCC(=O)NCCCCCCNC(=O)CCCCCO*,175.0
 *CC(C)(CCC)C(=O)N*,74.0
 *CCOCC(=O)NCCNC(=O)CO*,168.0
 *OC(CNC(=O)CC(*)c1ccccc1)c1ccccc1,180.0
 *CCCCCCNC(=O)c1ccc(C(=O)N*)c(Oc2ccccc2)c1,191.75
 *Nc1ccccc1NC(=O)CCCCCCCCC(*)=O,130.0
 *CCNC(=O)CCCCCCCCCCCCCCCCC(=O)N*,233.0
 *CCCCC(N)C(=O)N*,168.5
 *c1ccc(C(=O)NCCCCCCNC(=O)c2ccc(S(*)(=O)=O)cc2)cc1,310.0
 *CCCCCCCC(=O)N*,203.32142857142858
 *NNC(=O)c1cccc(C(=O)NNC(=S)c2cccc(C(*)=S)c2)c1,324.0
 *CCCCCCNC(=O)CCCCCC(=O)NCCCCCCNC(=O)C(=O)N*,259.0
 *CCCCCCCCCCCCCCCCCCNC(=O)c1ccc(C(=O)N*)cc1,255.0
 *C(=O)NNC(=O)c1cnc(*)cn1,350.0
 *CCCCCCNC(=O)CCCCC(=O)NCCCCCCNC(=O)C(=O)N*,268.0
 *Oc1ccc(NC(=O)CCCCCCCCC(=O)Nc2ccc(*)cc2)cc1,310.0
 *NC1CCC(CC2CCC(NC(=O)CCCCCCCCC(*)=O)CC2)CC1,300.0
 *Cc1ccc(CNC(=O)c2cccc(C(=O)N*)c2)cc1,280.0
 *CCCCCCNC(=O)CC(C)(C)c1ccc(C(C)(C)CC(=O)N*)cc1,193.0
 *NC(CC(*)=O)C(C)C,330.0
 *CCCCCCCCCCNC(=O)/C(C)=C(\C)C(=O)N*,267.0
 *CCCCNC(=O)CCCCCCC(=O)NCCCCNC(=O)C(=O)N*,310.0
 *CCC(=O)NNC(=O)c1ccc(C(=O)NNC(=O)c2ccc(O*)cc2)cc1,279.0
 *Nc1cc(NC(=O)c2ccccc2C(*)=O)cc(-c2nnc(-c3ccccn3)o2)c1,292.0
 *Oc1ccc(CNC(=O)CCCCC(=O)NCc2ccc(OC3COC4C(*)COC34)cc2)cc1,300.0
 *CCCCNC(=O)CCCCCCCCCCC(=O)N*,238.5
 *C(=O)NNC(=O)c1ccc(*)nc1,370.0
 *CCCNC(=O)CCCCCCCC(=O)NCCCNC(=O)C(=O)N*,290.0
 *CCCCCCCCCCNC(=O)CCP(C)(=O)CCC(=O)N*,173.0
 *CCCCCCCCCCCCCCNC(=O)c1ccc(C(=O)N*)cc1,265.0
 *CCCCCCNC(=O)c1ccc(C(=O)N*)c(Sc2ccccc2)c1,195.0
 *CCCCCCCCCCNC(=O)c1ccc(C(=O)N*)c(Oc2ccccc2)c1,139.0
 *Nc1cccc(NC(=O)c2ccc(C(*)=O)cc2)c1,495.0
 *C(=O)NCCCCCCCCNC(=O)c1cccc(*)n1,192.0
 *CCCCC(=O)NCCCCCOCCCCCNC(=O)CCCCO*,133.5
 *C(=O)NNC(=O)c1cccc(C(=O)NNC(=O)c2ccc(*)nc2)n1,350.0
 *CCCCCCCCCCCCCCOC(=O)c1ccc(C(=O)NCCNC(=O)c2ccc(C(=O)O*)cc2)cc1,249.0
 *CCCC(C)CCC(=O)N*,175.5
 *CCc1ccc(CCNC(=O)CCCCCCCCCC(=O)N*)cc1,275.0
 *CCCCC(=O)NCCCCCCNC(=O)CCCCS*,185.0
 *O[Si](C)(C)CCCNC(=O)C(=O)NCCC[Si](*)(C)C,60.0
 *CCCCCC(=O)NCCNC(=O)CCCCCOC(=O)CCCCC(=O)O*,140.75
 *CC(=O)NC(C)C(=O)O*,235.0
 *CC(=O)NNC(=O)c1cccc(C(=O)NNC(=O)c2cccc(O*)c2)c1,121.0
 *CCNC(=O)c1ccc(-c2ccc(C(=O)NCCOC(=O)CCCCCCCCCCC(=O)O*)cc2)cc1,261.5
 *Oc1ccc(-c2ccc(NC(=O)c3cc(C(=O)Nc4ccc(-c5ccc(Oc6ccc(C(c7ccc(*)cc7)(C(F)(F)F)C(F)(F)F)cc6)c(C(F)(F)F)c5)cc4)cc(C(C)(C)C)c3)cc2)cc1C(F)(F)F,356.0
 *NNC(=O)CCCCC(*)=O,328.0
 *Nc1cccc(NC(=O)CCCCCCCCCC(*)=O)c1,150.0
 *C(=O)N(*)CC(C)CC,220.0
 *CCCCCCCCCCC(=O)NCCCCCOCCCCCNC(=O)CCCO*,121.0
 *CCNC(=O)Cc1ccc(C(=O)N*)cc1,221.0
 *Oc1ccc(C(=O)NNC(=O)c2cccc(C(=O)NNC(=O)c3ccc(*)cc3)c2)cc1,305.0
 *CC(=O)NCCCCCCNC(=O)CS*,152.0
 *C(=O)CCN(C)CCN(C)CCC(=O)N1CCN(*)CC1,113.0
 *Nc1ccc(NC(=O)c2c(Cl)c(Cl)c(C(*)=O)c(Cl)c2Cl)cc1,516.0
 *CCCCCCCNC(=O)c1ccc(C(=O)N*)cc1,337.4
 *CCCCCCCCC(=O)NCc1ccc(CNC(=O)CCCO*)cc1,215.0
 *CCCCCCNC(=O)CCCCC(=O)N*,222.29000000000002
 *CNC(=O)CCCC(=O)N*,272.0
 *CCCCCCNC(=O)CCCCCCC(=O)N*,226.76923076923077
 *CCCCCCNC(=O)CC/C=C/CCC(=O)N*,259.0
 *CC1CCCC(CC(=O)N*)C1,297.0
 *CCCCCCCCCCNC(=O)CCCCCCCCC(=O)N*,199.934
 *CCCCOC(=O)c1ccc(C(=O)NCCCNC(=O)c2ccc(C(=O)O*)cc2)cc1,193.0
 *CCN(C)C(=O)c1ccc(C(=O)N(*)C)cc1,379.0
 *CC(C)C(=O)N*,297.0
 *CCCCCCCCOC(=O)CCCCCNC(=O)c1ccc(C(=O)NCCCCCC(=O)O*)cc1,167.0
 *NNC(=O)c1ccc(C(*)=O)cc1,400.0
 *Oc1cccc(NC(=O)CCCCCCCCC(=O)Nc2ccc(*)cc2)c1,165.0
 *CCCCCCC(=O)N*,222.10714285714286
 *Nc1ccc(-c2ccc(NC(=O)c3cccc(C(*)=O)c3)c(O)c2)cc1O,545.0
 *C(=O)NCCCCCCCCCCNC(=O)c1cccc(*)n1,200.0
 *CCCCOC(=O)CCCCCNC(=O)c1ccc(C(=O)NCCCCCC(=O)O*)cc1,190.0
 *CCNC(=O)c1ccc(C(=O)NCCOC(=O)c2cccc(C(=O)O*)c2)cc1,323.0
 *CCCCCCCCCCCNC(=O)CCCCC(=O)N*,218.0
 *CCCCCC(=O)NCc1ccc(CNC(=O)CCCCO*)cc1,206.0
 *CCCNC(=O)CCCCCCCCC(=O)NCCCOCCOCCO*,135.0
 *CCNC(=O)CCCCCCCCC(=O)NCCNC(=O)C(=O)N*,323.0
 *Nc1ccc(CCNC(=O)CCCCC(*)=O)cc1,312.0
 *NNC(=O)C1CCC(C(=O)NNC(=O)CCCCC(*)=O)CC1,300.0
 *C(=O)C1CC1(C)C(=O)N1CCN(*)CC1,130.0
 *CCCCCCCCCCCCNC(=O)C(=O)N*,225.0
 *CCCCCCCCCCCCOC(=O)c1ccc(C(=O)NCCCNC(=O)c2ccc(C(=O)O*)cc2)cc1,216.0
 *C(=O)Nc1ccc(Oc2ccccc2-c2ccccc2Oc2ccc(NC(=O)c3ccc4c(c3)C(=O)N(c3ccc(Oc5ccccc5-c5ccccc5Oc5ccc(N6C(=O)c7ccc(*)cc7C6=O)cc5)cc3)C4=O)cc2)cc1,338.0
 *C(=O)N(*)CCCCCC,195.0
 *CCCCCCCOC(=O)c1ccc(C(=O)NCCNC(=O)c2ccc(C(=O)O*)cc2)cc1,275.0
 *Nc1cccc(NC(=O)CCCCCCCCC(*)=O)c1,206.0
 *Oc1ccc(NC(=O)c2ccc(Oc3ccc(C(=O)Nc4ccc(*)cc4)cc3)cc2)cc1,468.0
 *Nc1ccc(CCc2ccc(NC(=O)c3cccc(C(*)=O)c3)cc2)cc1,495.0
 *CCCCCNC(=O)Cc1ccc(C(=O)N*)cc1,216.0
 *Nc1ccccc1NC(=O)CCCCCCC(*)=O,145.0
 *CCCCCCCCCCC(=O)N(*)C,80.0
 *CCCCCCCCCCNC(=O)CCc1ccc(CCC(=O)N*)cc1,271.0
 *CCCCCCCCCCNC(=O)CC/C=C/CCC(=O)N*,243.0
 *OC(=O)c1ccccc1NC(=O)c1cccc(C(=O)Nc2ccccc2C(=O)OC(=O)c2ccc(C(*)=O)cc2)c1,262.0
 *NC1CCC(CC2CCC(NC(=O)CCCCCCCCCCC(*)=O)CC2)CC1,284.84999999999997
 *CCCC1(C)CCN(C(=O)CCC(=O)N2CCC(*)(C)CC2)CC1,215.5
 *CCCCCCNC(=O)CCCCCCCCCCCCCCCCCCC(=O)N*,185.0
 *NC(CC(=O)O)(CC(C)C)C(*)=O,286.0
 *CCCCCCCCCNC(=O)C(CCCCCCCCCCCC)C(=O)N*,127.0
 *CCCCCCNC(=O)CCCCC(=O)NCC(=O)N*,232.6
 *Oc1ccc(NC(=O)CCCCC(=O)Nc2ccc(*)cc2)cc1,360.0
 *C(=O)c1cccc(C(=O)N2COCN2*)c1,400.0
 *C(=O)N(*)CCC,250.0
 *C(=O)NCCCCCCCCCCNC(=O)c1cncc(*)c1,210.0
 *NNC(=O)c1ccc2cc(C(=O)NNC(=O)c3cccc(C(*)=O)c3)ccc2c1,375.0
 *c1ccc(C(=O)NCCCC(C)(C)CCCNC(=O)c2ccc(S(*)(=O)=O)cc2)cc1,268.0
 *NNC(=O)c1cccc(C(=O)NNC(=O)CCCCC(*)=O)c1,290.0
 *NC(CC(*)=O)C(=O)OCC,287.0
 *CCCCCC(=O)NCCCCCCNC(=O)CCCCCOC(=O)CCCCC(=O)O*,130.75
 *C(=O)NCCCCCCNC(=O)C1C=CNN1*,140.0
 *CCCCCCCCOC(=O)c1ccc(NC(=O)CCCCCCCCCCC(=O)Nc2ccc(C(=O)O*)cc2)cc1,188.0
 *C(=O)NNC(=O)C(=O)NNC(=O)c1cncc(*)n1,365.0
 *Cc1cc(CNC(=O)CCCCC(=O)N*)cc(C(C)(C)C)c1,186.0
 *CCCCCCNC(=O)CCCCCC(=O)N*,220.66666666666666
 *CCCCCCCCCCNC(=O)CCCCC(=O)N*,234.44444444444446
 *CCCCCC(=O)Nc1ccc(NC(=O)CCCCCOC(=O)c2ccc(C(=O)O*)cc2)cc1,237.5
 *CCCCCCCCNC(=O)CCCCCCCCCCCCCCCCCCC(=O)N*,179.0
 *Cc1cc(C)c(CNC(=O)CCCCC(=O)N*)cc1C,283.0
 *CCCCNC(=O)CCCCCCC(=O)N*,240.75
 *Nc1ccc(NC(=O)CCCCCCC(*)=O)cc1,362.0
 *CCCCCCNC(=O)c1ccc(Cc2ccc(C(=O)N*)cc2)cc1,130.0
 *CCCCNC(=O)CCCCCCCCCC(=O)N*,208.0
 *CCCCCCN1C(=O)c2ccc(C(=O)Nc3ccc(S(=O)(=O)c4ccc(NC(=O)c5ccc6c(c5)C(=O)N(*)C6=O)cc4)cc3)cc2C1=O,346.0
 *Nc1ccccc1NC(=O)CCCCCCCC(*)=O,110.0
 *CNC(=O)CCCCCCCCC(=O)NCC1COC(*)CO1,262.0
 *C(=O)c1ccc(S(=O)(=O)c2ccc(C(=O)N3CC(C)N(*)CC3C)cc2)cc1,350.0
 *CCc1ccc(CCNC(=O)CCCCCCCCCCCCCCCCC(=O)N*)cc1,248.0
 *CCCCNC(=O)Cc1ccc(C(=O)N*)cc1,221.0
 *CCCNC(=O)CNC(=O)C(Cc1ccccc1)NC(=O)CCCCCCCCC(=O)NC(Cc1ccccc1)C(=O)NCC(=O)NCCCOCCOCCO*,126.0
 *CCCCCCCCC(=O)NCc1ccc(CNC(=O)CCCCO*)cc1,217.0
 *NNC(=O)CCCCCCCC(=O)NNC(=O)CCCCCCCCC(*)=O,280.0
 *CCCCCCCCCCNC(=O)CCCCCCCCCCCCC(=O)N*,188.0
 *C(=O)Nc1ccc(Oc2ccc(-c3ccc(Oc4ccc(NC(=O)c5ccc6c(c5)C(=O)N(c5ccc(Oc7cccc8c(Oc9ccc(N%10C(=O)c%11ccc(*)cc%11C%10=O)cc9)cccc78)cc5)C6=O)cc4)cc3)cc2)cc1,427.0
 *CCCCCCCCCCNC(=O)c1ccc(C(=O)N*)cc1,278.0
 *CCCCCCN(C)C(=O)CCC(=O)N(*)C,63.0
 *C(=O)NCCCCCCNC(=O)c1cnn(*)c1,271.0
 *CCCNC(=O)CCCCCCC(=O)NCCCNC(=O)C(=O)N*,295.0
 *CCCNC(=O)C(NC(=O)C(Cc1ccccc1)NC(=O)CCCCCCCCC(=O)NC(Cc1ccccc1)C(=O)NC(C(=O)NCCCOCCOCCO*)C(C)C)C(C)C,238.0
 *CCCCCCCNC(=O)CC/C=C/CCC(=O)N*,255.0
 *C(=O)c1ccc(C(=O)N(CCCC)c2ccc(Cc3ccc(N(*)CCCC)c(C)c3)cc2C)cc1,154.5
 *CCCCCCOC(=O)c1ccc(C(=O)NCCCCCNC(=O)c2ccc(C(=O)O*)cc2)cc1,238.0
 *Oc1ccc(NC(=O)CCCCCCCC(=O)Nc2ccc(*)cc2)cc1,300.0
 *CCCCCNC(=O)CCCCCCCC(=O)N*,178.0
 *CCCCCCCCNC(=O)CCCCCCCCC(=O)N*,206.125
 *Nc1cc(NC(=O)c2ccc(-c3ccc(C(*)=O)cc3)cc2)cc(-c2nnc(-c3ccccn3)o2)c1,285.0
 *C(=O)c1ccc(C(=O)N(C)c2ccc(Cc3ccc(N(*)C)cc3)cc2)cc1,263.0
 *CCCCCCNC(=O)C(OC)C(OC)C(=O)N*,230.2
 *CCCCCCCCCNC(=O)CCCCCCCCC(=O)NCCCCCCCCCNC(=O)C(=O)N*,234.0
 *CCCCCCCCCCCCOC(=O)c1ccc(C(=O)NCCCCNC(=O)c2ccc(C(=O)O*)cc2)cc1,258.0
 *CCCCCCCCCCCCOC(=O)c1ccc(C(=O)NCCCCCCCCCCCCNC(=O)c2ccc(C(=O)O*)cc2)cc1,197.0
 *CCCCCCCCOc1ccc(NC(=O)c2ccc(C(=O)Nc3ccc(O*)cc3)cc2)cc1,430.0
 *CCCCCCCCCCOC(=O)c1ccc(C(=O)NCCCCNC(=O)c2ccc(C(=O)O*)cc2)cc1,261.0
 *CCNC(=O)C1CC1C(=O)N*,350.0
 *CCCCCCNC(=O)c1ccc(C2(C)CC(C)(C)c3ccc(C(=O)N*)cc32)cc1,221.0
 *CC1CC1CNC(=O)CCCCCCCCC(=O)N*,223.0
 *CCCCCCCCOc1cccc(NC(=O)c2ccc(C(=O)Nc3cccc(O*)c3)cc2)c1,284.0
 *Cc1cc(C)c(CNC(=O)c2ccc(C(=O)N*)cc2)cc1C,400.0
 *Nc1ccc(Cc2ccc(NC(=O)CCCCCCCCC(*)=O)cc2)cc1,270.0
 *Nc1ccc(CC(C)(C)NC(=O)CCC(*)=O)cc1,250.0
 *Nc1cccc(NC(=O)CCCC(*)=O)c1,212.0
 *C(=O)N(*)CC=C,275.0
 *C(=O)c1ccc(N(*)CCCC)cc1,281.0
 *CC(=O)NNC(=O)c1ccc(C(=O)NNC(=O)c2cccc(O*)c2)cc1,215.5
 *Oc1ccc(NC(=O)CCCCCCCCCC(=O)Nc2ccc(*)cc2)cc1,270.0
 *CCCCCCCCCCCCCCCCCCNC(=O)CCCCCCCCCCCCCCCCCCCCC(=O)N*,146.0
 *c1ccc(C(=O)NCCC(C)NC(=O)c2ccc(S(*)(=O)=O)cc2)cc1,272.0
 *NC1CC(CCC(*)=O)C1(C)C,358.0
 *CCCCCCCCNC(=O)Cc1ccc(CC(=O)N*)cc1,280.0
 *CCCCCCCCCCC(=O)NCCCCCCNC(=O)CCCCO*,160.0
 *CC(=O)N*,352.5
 *CCCCCCCCCCCCCOC(=O)c1ccc(C(=O)NCCCCCNC(=O)c2ccc(C(=O)O*)cc2)cc1,194.0
 *CCc1ccc(CCNC(=O)CCCCCCCCCCC(=O)N*)cc1,280.0
 *Oc1cccc(Oc2ccc(C(=O)c3ccc(NC(=O)CCCCCCCCC(=O)Nc4ccc(C(=O)c5ccc(*)cc5)cc4)cc3)cc2)c1,220.0
 *C(=O)NCCCCCCCCNC(=O)c1cc(O)cc(*)n1,86.0
 *CCCCCCCCCCCC(=O)N*,169.8065
 *C(=O)c1ccc(C(=O)OCCCCCCOC(=O)c2ccc(C(=O)N3CCN(*)CC3)cc2)cc1,255.0
 *C(=O)c1ccc(S(=O)(=O)c2ccc(C(=O)N3CCN(*)C(C)C3)cc2)cc1,350.0
 *Nc1ccc(NC(=O)CCCCCCCC(*)=O)cc1,346.5
 *NC1CC1NC(=O)c1cccc(C(*)=O)c1,250.0
 *Cc1cccc(CNC(=O)CCCCC(=O)N*)c1,235.35384615384615
 *CCCCCCNC(=O)c1ccc(C(=O)N*)c(Oc2ccc(F)cc2)c1,159.0
 *Nc1cc(NC(=O)CCCCC(*)=O)cc(-c2nnc(-c3ccccn3)o2)c1,373.0
 *CCCCCCCCCCCCOC(=O)CCCCCNC(=O)c1ccc(C(=O)NCCCCCC(=O)O*)cc1,163.0
 *C(=O)c1ccc(C(=O)N(CCCC)c2ccc(Cc3ccc(N(*)CCCC)cc3)cc2)cc1,192.5
 *SCC(=O)N/N=C/c1ccc(OCCCCCCCCCCOc2ccc(/C=N/NC(=O)CSc3nnc(*)s3)cc2)cc1,204.0
 *NC(CCC(=O)OCc1ccccc1)C(*)=O,302.39
 *NNC(=O)C(=O)NNC(=O)CCCCC(*)=O,293.3333333333333
 *CCCCCCCCCCNC(=O)CCCCCCCCC(=O)NCCCCCCCCCCNC(=O)C(=O)N*,231.0
 *CCCCCNC(=O)CCCCCCCCC(=O)N*,195.0
 *CCCCCNC(=O)CCCCCCCCCCCC(=O)N*,176.0
 *Cc1ccc(CNC(=O)c2cc(C(=O)N*)cc(C(C)(C)C)c2)cc1,283.0
 *CCCCCCCCCCCNC(=O)CCCCCCCCC(=O)N*,181.75
 *CCCCCCCCNC(=O)c1ccc(C(=O)N*)cc1,327.6666666666667
 *CCCCCCN(C)C(=O)c1ccc(C(=O)N(*)C)cc1,260.0
 *CCCCCCCCCCCCNC(=O)c1ccc(C(=O)N*)c(Oc2ccccc2)c1,144.0
 *CCCCCC(=O)NCCCCCOCCCCCNC(=O)CCCO*,126.0
 *C(=O)NCCCCCCCCNC(=O)c1ccc(*)o1,125.0
 *CCOCCOc1cccc(NC(=O)c2ccc(C(=O)Nc3cccc(O*)c3)cc2)c1,273.0
 *CCCCCCNC(=O)Cc1ccc(CC(=O)N*)cc1,300.0
 *CCCCCCNC(=O)c1cccc(C(=O)N*)c1,200.75
 *CCCCCCCCc1nc2cc(NC(=O)CCCCCCCCC(=O)Nc3ccc4oc(*)nc4c3)ccc2o1,182.25
 *CCCCCCCCCCOC(=O)c1ccc(C(=O)NCCCCCNC(=O)c2ccc(C(=O)O*)cc2)cc1,205.0
 *CCCC(=O)N*,260.1
 *C(=O)Nc1ccc(Oc2ccc(Oc3ccc(Oc4ccc(NC(=O)c5ccc6c(c5)C(=O)N(c5ccc(Oc7ccc8ccc(Oc9ccc(N%10C(=O)c%11ccc(*)cc%11C%10=O)cc9)cc8c7)cc5)C6=O)cc4)cc3)cc2)cc1,363.0
 *Nc1cccc(/C=C/c2ccc(NC(=O)c3ccc(C(*)=O)cc3)cc2)c1,460.0
 *NC1CCC(CCC2CCC(NC(=O)CCCCCCCCC(*)=O)CC2)CC1,331.0
 *NC1CCC(CC(C)(C)NC(=O)CCCCC(*)=O)CC1,200.0
 *NC(CC(*)=O)C(=O)OCCCC,282.0
 *CCCCCCCCCCCCCCNC(=O)CCCCCCCCCCCCCCCCC(=O)N*,158.0
 *CCCCCCCNC(=O)CCCCCCCCCCCCCCCCCCC(=O)N*,176.0
 *Nc1ccc(NC(=O)c2c(SCCCCCCCC)c(SCCCCCCCC)c(C(*)=O)c(SCCCCCCCC)c2SCCCCCCCC)cc1,400.0
 *C(=O)COCCOCC(=O)N1CCN(*)CC1,165.0
 *Oc1ccc(C(=O)c2ccc(NC(=O)CCCCCCCCC(=O)Nc3ccc(C(=O)c4ccc(*)cc4)cc3)cc2)cc1,334.0
 *Nc1ccc(/C=C/c2ccc(NC(=O)c3cccc(C(*)=O)c3)cc2)cc1,500.0
 *CCCCCC(=O)NNC(=O)c1cccc(C(=O)NNC(=O)c2cccc(O*)c2)c1,244.5
 *Oc1cccc2ccc(Oc3ccc(NC(=O)c4ccc(Oc5ccc(Oc6ccc(C(=O)Nc7ccc(*)cc7)cc6)cc5)cc4)cc3)cc12,363.0
 *CCCCCCCCNC(=O)CCCCC(=O)N*,248.66666666666666
 *CCCCCNC(=O)CCCCC(=O)N*,251.2
 *c1ccc(OC(=O)c2cccc(C(=O)Oc3ccc(C4(*)c5ccccc5C(=O)N4C)cc3)c2)cc1,395.0
 *CCCCC(=O)NCCCCCCNC(=O)CCCCO*,180.0
 *CCN(CCCC)C(=O)c1ccc(C(=O)N(*)CCCC)cc1,190.0
 *CCCCCCCCCOC(=O)c1ccc(C(=O)NCCCCCCNC(=O)c2ccc(C(=O)O*)cc2)cc1,219.0
 *CCCCCCCCCCCCOC(=O)CCCCCNC(=O)CCCCC(=O)NCCCCCC(=O)O*,134.0
 *Cc1ccc(CN(CC)C(=O)CCCCCCCCCCCCCCCCC(=O)N(*)CC)cc1,50.0
 *CC(C)(C)C(=O)N*,263.6666666666667
 *CCCCCCCCCCCCCOC(=O)c1ccc(C(=O)NCCCNC(=O)c2ccc(C(=O)O*)cc2)cc1,206.0
 *CCCCCCNC(=O)C(CCCCCCCCCCCC)C(=O)N*,133.0
 *OC(=O)c1ccccc1NC(=O)c1cccc(C(=O)Nc2ccccc2C(=O)OC(=O)c2cccc(C(*)=O)c2)c1,257.5
 *C(=O)C1CCCCC1C(=O)N1CC(C)N(*)CC1C,307.5
 *CCCCCCC(=O)NCCCCCCNC(=O)CCCCO*,147.0
 *NNC(=O)c1cccc(C(=O)NNC(=O)CCCCCCCCC(*)=O)c1,260.0
 *CCCCCCc1nc2cc(NC(=O)CCCCCCC(=O)Nc3ccc4oc(*)nc4c3)ccc2o1,230.0
 *C(=O)Nc1cc(NC(=O)c2ccc3c(c2)C(=O)N(c2cc(-c4nnc(-c5ccccn5)o4)cc(N4C(=O)c5ccc(*)cc5C4=O)c2)C3=O)cc(-c2nnc(-c3ccccn3)o2)c1,298.0
 *C(=O)C1C(C)C1C(=O)N1CCN(*)CC1,280.0
 *CCCCCCCCC(=O)NCCCCCOCCCCCNC(=O)CCCO*,116.0
 *CCCCNC(=O)CCCCCC(=O)N*,233.0
 *c1ccc(NC(=O)CCCCCCCC(=O)Nc2ccc(S(*)(=O)=O)cc2)cc1,215.0
 *CCCCCCCCNC(=O)CCCCCCCCCCC(=O)N*,201.0
 *CCc1ccc(CCNC(=O)CCCCCCCCCCCCCCCC(=O)N*)cc1,249.0
 *NC(CCCCNC(=O)CCCCC(*)=O)C(=O)O,92.75
 *CCCCCCCCCCC(=O)NCC(=O)N*,235.0
 *CCCCCCCCCCNC(=O)/C=C(\C)C(=O)N*,166.0
 *Nc1ccc(NC(=O)CCC(*)=O)cc1,400.0
 *CCCCCCCCNC(=O)c1ccc(C(=O)N*)c(Sc2ccccc2)c1,151.0
 *CCCCCCCCNC(=O)c1ccc(C(=O)N*)c(Oc2ccccc2)c1,134.0
 *CCCCCNC(=O)CCCCCCCCCCCCC(=O)N*,178.0
 *CCCCCCOC(=O)c1ccc(C(=O)NCCCCNC(=O)c2ccc(C(=O)O*)cc2)cc1,290.0
 *CCCCNC(=O)c1cccc(C(=O)N*)c1,253.5
 *C(=O)N(*)CC,250.0
 *CCCC(=O)NCCCCCCNC(=O)CCCOC(=O)c1cccc(C(=O)O*)c1,180.0
 *CC(=O)NCCCCCCNC(=O)COC(=O)CCCCCCCCCCC(=O)O*,116.2
 *Nc1ccc(NC(=O)CCCC(*)=O)cc1,404.0
 *CCCCCCNC(=O)CCc1ccc(CC(=O)N*)cc1,204.0
 *CCCCCCN(C)C(=O)CCCCCCCCCCCCCCCCC(=O)N(*)C,52.0
 *CCC(=O)NCCCCCCNC(=O)CCc1ccc(*)s1,210.0
 *C(=O)OCCCCCOC(=O)c1ccc(NC(=O)c2ccc(N3C(=O)c4ccc(*)cc4C3=O)cc2)cc1,272.0
 *CCCCCCOC(=O)c1ccc(NC(=O)CCCCCCC(=O)Nc2ccc(C(=O)O*)cc2)cc1,250.0
 *Nc1cccc(/C=C/C(=O)/C=C/c2cccc(NC(=O)c3ccc(C(*)=O)cc3)c2)c1,320.0
 *NNC(=O)CCCCCCCCCCCC(*)=O,185.0
 *Oc1ccc(Oc2ccc(NC(=O)c3ccc(Oc4ccc(Oc5ccc(C(=O)Nc6ccc(*)cc6)cc5)cc4)cc3)cc2)cc1,423.0
 *NC(CC(*)=O)C(=O)OCCCCCCCC,341.0
 *Oc1ccc(NC(=O)c2cccc(C(=O)Nc3ccc(*)cc3)c2)cc1,425.0
 *CCCCCCC(=O)NCc1ccc(CNC(=O)CCCCO*)cc1,207.0
 *CCCC(=O)NCCCCCCNC(=O)CCCOC(=O)c1ccc(C(=O)O*)cc1,140.0
 *CCCC(=O)Nc1ccc(NC(=O)CCCOC(=O)c2ccc3cc(C(=O)O*)ccc3c2)cc1,180.0
 *CCCCCCCCCCCCCOC(=O)c1ccc(C(=O)NCCCCNC(=O)c2ccc(C(=O)O*)cc2)cc1,248.0
 *NC(C=C)CC(*)=O,330.0
 *CCCCCCCCOC(=O)c1ccc(C(=O)NCCNC(=O)c2ccc(C(=O)O*)cc2)cc1,282.0
 *NNC(=O)CCCCCCCCC(=O)NNC(=S)c1cccc(C(*)=S)c1,294.0
 *CCCCCCCCNC(=O)c1cccc(C(=O)N*)c1,200.33333333333334
 *CCCCCCCCCCCCCCCCCCNC(=O)CCCCCCCCC(=O)N*,171.0
 *C(=O)c1ccc(C(=O)N(CC)c2ccc(-c3ccc(N(*)CC)cc3)cc2)cc1,311.5
 *CCCCCCC(=O)NCCCCCOCCCCCNC(=O)CCCCO*,104.5
 *CCCCCCCCCCCCOC(=O)c1ccc(C(=O)NCCNC(=O)c2ccc(C(=O)O*)cc2)cc1,264.0
 *CCCCCCNC(=O)C(CCCCCCCCCCCCCCCCCC)C(=O)N*,165.0
 *CCCCCCCCCCCCNC(=O)CCC(=O)N*,239.5
 *CCCCCCCCNC(=O)CCCCCCCCCCCCCCCCCCCCC(=O)N*,175.0
 *NC(C)CNC(=O)C1CC1C(*)=O,310.0
 *CCCCCCCCCCCCNC(=O)CCCCCCCCCCCCCCCCCCC(=O)N*,169.0
 *OC(=O)c1ccccc1NC(=O)CCCCC(=O)Nc1ccccc1C(=O)OC(=O)c1cccc(C(*)=O)c1,217.5
 *CCCCC(=O)NCCCCCCNC(=O)CCCO*,160.0
 *CCN(C(=O)CCN(C)CCN(C)CCC(=O)N(*)C(C)C)C(C)C,102.0
 *CCCCCCCCCCCCNC(=O)CCCCCCCCCCCCCCCCCCCCC(=O)N*,164.0
 *Nc1ccc(NC(=O)CCCCCCCCC(*)=O)cc1,328.3333333333333
 *CCNC(=O)c1ccc(-c2ccc(C(=O)NCCOC(=O)CCCCC(=O)O*)cc2)cc1,304.5
 *CCCCCCCCCCNC(=O)CCCCCCCCCCC(=O)N*,191.66666666666666
 *CCCCCCCCCOC(=O)c1ccc(C(=O)NCCCCNC(=O)c2ccc(C(=O)O*)cc2)cc1,259.0
 *CCCCCCCCC(=O)NCc1ccc(CNC(=O)CCCCCCCCO*)cc1,215.0
 *CCCCC(C)CC(=O)N*,178.0
 *CCCCCC(=O)Nc1ccc(NC(=O)CCCCCOC(=O)CCCCC(=O)O*)cc1,163.5
 *CCCCCCCCCCCCCCNC(=O)CCc1ccc(CCC(=O)N*)cc1,250.0
 *CCCCCCNC(=O)CCc1ccc(C(C)CC(=O)N*)cc1,227.0
 *CNC(=O)CCCCC(=O)N*,285.0
 *CCNC(=O)CCCCC(=O)N*,265.0
 *CC1CCCC(CNC(=O)c2cc(C(=O)N*)cc(C(C)(C)C)c2)C1,293.0
 *CCN(C)C(=O)CCCCCCCCC(=O)N(*)C,75.0
 *C(=O)Nc1ccc(Oc2ccc(NC(=O)c3ccc4c(c3)C(=O)N(c3ccc(Oc5ccc6ccc(Oc7ccc(N8C(=O)c9ccc(*)cc9C8=O)cc7)cc6c5)cc3)C4=O)cc2)cc1,410.0
 *CCCCOC(=O)C(Cc1ccccc1)NC(=O)/C=C/C(=O)NC(Cc1ccccc1)C(=O)O*,250.0
 *CCc1ccc(CCNC(=O)CCCCCCCCCCCCCCC(=O)N*)cc1,258.0
 *CCCCCCCCCCC(=O)NCCCCCCNC(=O)CCCO*,159.0
 *CCCCCCCCCCNC(=O)CCCCCCCCCCCCCCCCCCC(=O)N*,171.0
 *CCCCCCCCC(=O)NCCCCCCNC(=O)CCCCO*,154.0
 *CCCCCCCCNC(=O)CC/C=C/CCC(=O)N*,256.0
 *CC(C)CCC(C)CNC(=O)c1cc(C(=O)N*)cc(C(C)(C)C)c1,271.0
 *CCCCC(=O)NCc1ccc(CNC(=O)CCCCO*)cc1,243.0
 *CCCCCCCCCOC(=O)c1ccc(C(=O)NCCCNC(=O)c2ccc(C(=O)O*)cc2)cc1,211.0
 *CCCCCCCCOC(=O)c1ccc(C(=O)NCCCCCNC(=O)c2ccc(C(=O)O*)cc2)cc1,207.0
 *CCCCCCCCCNC(=O)CC(=O)N*,226.0
 *C(=O)Nc1ccc(Oc2ccc(-c3ccc(Oc4ccc(NC(=O)c5ccc6c(c5)C(=O)N(c5ccc(Oc7ccc(C(C)(C)c8ccc(Oc9ccc(N%10C(=O)c%11ccc(*)cc%11C%10=O)cc9)cc8)cc7)cc5)C6=O)cc4)cc3)cc2)cc1,349.0
 *CCCCNC(=O)CC/C=C/CCC(=O)N*,294.0
 *CCCCCCC(=O)NCc1ccc(CNC(=O)CCCCCCS*)cc1,228.0
 *Oc1cccc(NC(=O)CCCCCCCC(=O)Nc2ccc(*)cc2)c1,150.0
 *CCCCCCCCCCNC(=O)CCCCCCCCCCCC(=O)N*,172.5
 *CCCC(CC)CCNC(=O)c1ccc(C(=O)N*)cc1,180.0
 *CCCCCCNC(=O)c1c(F)c(F)c(C(=O)N*)c(F)c1F,336.0
 *CCCCCCCCOc1cccc(NC(=O)c2cccc(C(=O)Nc3cccc(O*)c3)c2)c1,201.0
 *CCCCCCCCCCCCNC(=O)CCCCCCCCCCCCCCCCC(=O)N*,169.5
 *Oc1ccc(C(=O)c2cccc(NC(=O)c3ccc(C(=O)Nc4ccc(C(=O)c5ccc(*)cc5)cc4)cc3)c2)cc1,333.0
 *CCNC(=O)C(OC)C(OC)C(=O)N*,311.5
 *CCCCCC(=O)NCCOC(=O)c1ccc(C(=O)O*)cc1,65.25
 *C(=O)Nc1cccc(NC(=O)CCCCCCCCC(=O)Nc2cccc(N3C(=O)c4ccc(*)cc4C3=O)c2)c1,477.0
 *CCC(C)CC(C)(C)CNC(=O)c1ccc(C(=O)N*)cc1,227.0
 *CCCCCCCCCCCOC(=O)c1ccc(C(=O)NCCCNC(=O)c2ccc(C(=O)O*)cc2)cc1,198.0
 *Cc1ccc(CNC(=O)CCCCCC(=O)N*)cc1,282.0
 *CCCCCCCCCCCCCCCCCC(=O)N*,158.0
 *CCCCCCCCCCCCCCCCCCCCCC(=O)N*,145.0
 *Cc1ccc(CNC(=O)CCCCCCCCCCCC(=O)N*)cc1,247.0
 *Cc1ccc(CNC(=O)CCCCCCCCCCC(=O)N*)cc1,270.0
 *CCc1ccc(CCNC(=O)CCCCCCCC(=O)N*)cc1,290.0
 *CC(=O)NCCCCCCNC(=O)COC(=O)CCCCCCC(=O)O*,111.33333333333333
 *CCCCCCCCOc1ccc(C(=O)Nc2ccc(-c3ccc(NC(=O)c4ccc(O*)cc4)c(Cl)c3)cc2Cl)cc1,269.0
 *CCCC(=O)NCCCCCCNC(=O)CCCOC(=O)c1ccc(-c2ccc(C(=O)O*)cc2)cc1,105.0
 *CCCCCCCCNC(=O)CCCCCCCCC(=O)NCCCCCCCCNC(=O)C(=O)N*,244.0
 *Oc1cccc(NC(=O)CCCCCCCCCCC(=O)Nc2ccc(*)cc2)c1,150.0
 *C(=O)NNC(=O)c1ccc(C(=O)NNC(=O)c2ccc(*)nc2)s1,360.0
 *C(=O)Nc1cc(NC(=O)c2cccc(*)n2)cc(-c2nnc(-c3ccccn3)o2)c1,478.0
 *NC(C)(C)C(C)(C)C(*)=O,330.0
 *Nc1cc(-c2ccc(N)c(NC(=O)c3cc(C(*)=O)c(O[SH](=O)=O)cc3O[SH](=O)=O)c2)ccc1N,155.0
 *c1ccc(OC(=O)c2ccc(C(=O)Oc3ccc(C4(*)c5ccccc5C(=O)N4C)cc3)cc2)cc1,400.0
 *C(=O)CCCCCCCCC(=O)N1CCN(*)CC1,171.85714285714286
 *CCCCCCNC(=O)C1CC1(C)C(=O)N*,115.0
 *CCCNC(=O)c1ccc(C(=O)NCCCOCCO*)cc1,238.0
 *CCCCCCCOc1ccc(C(=O)Nc2ccc(-c3ccc(NC(=O)c4ccc(O*)cc4)c(Cl)c3)cc2Cl)cc1,286.0
 *CCCCCNC(=O)CCCCCC(=O)NCCCCCNC(=O)C(=O)N*,273.0
 *CCCCCCNC(=O)CCCCCCCCCCC(=O)N*,213.89499999999998
 *NC(C(C)C)C(C)(C)C(*)=O,330.0
 *CCCCCCNC(=O)c1ccc(C(C)c2ccc(C(=O)N*)cc2)cc1,160.0
 *CCCCCCNC(=O)c1ccc(C(=O)N*)c(Oc2ccc(-c3ccccc3)cc2)c1,228.0
 *Oc1ccc(NC(=O)c2ccc(C(=O)Nc3ccc(*)cc3)cc2)cc1,505.0
 *CCCCCCCCCCCCNC(=O)CCCCC(=O)N*,225.0
 *Nc1ccc(NC(=O)CCCCC(*)=O)cc1,379.6666666666667
 *CCCN(CC)C(=O)c1ccc(C(=O)N(*)CC)cc1,160.0
 *CCCCCCNC(=O)CCCCCCCCCCCCCCCCCCCCC(=O)N*,180.0
 *CCCCCCCCC(=O)NCCCCCCNC(=O)CCCCCCCCO*,158.0
 *CCCCCCCCCNC(=O)C(OC)C(OC)C(=O)N*,204.7
 *CCCCCCOc1ccc(C(=O)Nc2ccc(-c3ccc(NC(=O)c4ccc(O*)cc4)c(Cl)c3)cc2Cl)cc1,284.0
 *Nc1ccc(NC(=O)c2ccc(C(*)=O)cc2SCCCCCCCC)cc1,400.0
 *CCCCCCC(=O)NCCCCCOCCCCCNC(=O)CCCO*,100.5
 *CCCCCCCCCCNC(=O)CCCCCCCCCCCCCCC(=O)N*,178.0
 *C(=O)OCCCCCCCCCCOC(=O)c1ccc(NC(=O)c2ccc(N3C(=O)c4ccc(*)cc4C3=O)cc2)cc1,236.0
 *CCNC(=O)c1cccc(C(=O)NCCOC(=O)c2cccc(C(=O)O*)c2)c1,313.0
 *CCc1ccc(CCNC(=O)CCCCCCCCCCCCCCCCCCCCC(=O)N*)cc1,230.0
 *CCC(=O)NCNC(=O)CCN1CCN(*)CC1,180.0
 *CCCC(=O)NCc1ccc(CNC(=O)CCCO*)cc1,242.0
 *CCCCCC(=O)NCCCCCCNC(=O)CCCCO*,149.0
 *NNC(=O)CCC(=O)NNC(=O)CCCCCCCCC(*)=O,300.0
 *CCCCCCNC(=O)CC(C)c1ccc(C(C)CC(=O)N*)cc1,196.0
 *CCCN(C)C(=O)c1ccc(C(=O)N(*)C)cc1,220.0
 *Oc1ccc(CNC(=O)CCCCCCC(=O)NCc2ccc(OC3COC4C(*)COC34)cc2)cc1,200.0
 *NNC(=O)CCCCC(=O)NNC(=S)c1cccc(C(*)=S)c1,280.0
 *Oc1ccc(-c2ccc(NC(=O)c3cc(C(=O)Nc4ccc(-c5ccc(Oc6ccc(C(C)(C)c7ccc(*)cc7)cc6)c(C(F)(F)F)c5)cc4)cc(C(C)(C)C)c3)cc2)cc1C(F)(F)F,352.0
 *CCCCCOc1cccc(NC(=O)c2cccc(C(=O)Nc3cccc(O*)c3)c2)c1,180.0
 *c1ccc(NC(=O)CCCCC(=O)Nc2ccc(S(*)(=O)=O)cc2)cc1,202.0
 *CCCNC(=O)CCCCCCCCCCCCCCCCCCC(=O)N*,189.0
 *CCCCCCOC(=O)c1ccc(C(=O)NCCCNC(=O)c2ccc(C(=O)O*)cc2)cc1,256.0
 *CCCNC(=O)CCCCC(=O)NCCCOCCO*,177.5
 *CCC(CC)CC(C)CNC(=O)c1ccc(C(=O)N*)cc1,200.0
 *Nc1ccc(C(*)=O)cc1,550.0
 *C(=O)c1ccc(C(=O)N(CCC)c2ccc(Cc3ccc(N(*)CCC)c(C)c3)cc2C)cc1,184.0
 *CCCCCCCNC(=O)CCCCCCCCC(=O)NCCCCCCCNC(=O)C(=O)N*,248.0
 *SCC(=O)N/N=C/c1ccc(OCCCCCCCCCCOc2ccc(/C=N/NC(=O)CSc3nnc(*)s3)cc2OC)c(OC)c1,135.0
 *CCNC(=O)c1ccc(-c2ccc(C(=O)NCCOC(=O)CCCCCCC(=O)O*)cc2)cc1,283.5
 *NNC(=O)c1ccc(C(=O)NNC(=S)c2cccc(C(*)=S)c2)cc1,309.0
 *CCCCCCNC(=O)CCC(=O)N*,275.0
 *C(=O)NC1CCCC(*)O1,285.0
 *CCCCNC(=O)CCCCCCCC(=O)NCCCCNC(=O)C(=O)N*,300.0
 *Nc1cccc(/C=C/C(=O)/C=C/c2cccc(NC(=O)CCCCC(*)=O)c2)c1,220.0
 *CCCCCCCC(=O)NCCCCCCCNC(=O)CCCCCCCC1OCc2cc3c(cc2CO1)COC(*)OC3,243.0
 *Nc1ccc(C(C)(C)c2ccc(NC(=O)c3cccc(C(*)=O)c3)cc2)cc1,424.0
 *CC(C)(CC)C(=O)N*,76.0
 *CCC(=O)NNC(=O)c1cccc(C(=O)NNC(=O)c2cccc(O*)c2)c1,237.5
 *CCCCCCCCCCOc1ccc(C(=O)Nc2ccc(-c3ccc(NC(=O)c4ccc(O*)cc4)c(Cl)c3)cc2Cl)cc1,255.0
 *CCCCCCNC(=O)C(CCCCCCCCCCCCC)C(=O)N*,133.0
 *C(=O)Nc1cccc(S(=O)(=O)c2cccc(NC(=O)c3ccc4c(c3)C(=O)N(c3cc(-c5nnc(-c6ccccn6)o5)cc(N5C(=O)c6ccc(*)cc6C5=O)c3)C4=O)c2)c1,343.0
 *Oc1cccc(NC(=O)c2ccc(C(=O)Nc3ccc(*)cc3)cc2)c1,408.0
 *Cc1ccc(CNC(=O)CCCCCCCC(=O)N*)cc1,276.75
 *SCC(=O)N/N=C/c1ccc(OCCCCOc2ccc(/C=N/NC(=O)CSc3nnc(*)s3)cc2OC)c(OC)c1,180.0
 *CCCCCCNC(=O)c1ccc(C(=O)N*)c(Oc2ccc(Cl)cc2)c1,204.0
 *C(=O)NCCCCCCNC(=O)c1ccncc1*,101.0
 *Nc1ccccc1NC(=O)CCCC(*)=O,180.0
 *C(=O)Nc1ccc(Oc2cccc(Oc3ccc(NC(=O)c4ccc5c(c4)C(=O)N(c4ccc(Oc6cccc7c(Oc8ccc(N9C(=O)c%10ccc(*)cc%10C9=O)cc8)cccc67)cc4)C5=O)cc3)c2)cc1,383.0
 *C(=O)c1ccc(C(=O)N(C)c2ccc(Cc3ccc(N(*)C)c(C)c3)cc2C)cc1,228.0
 *CCNC(=O)c1ccc(-c2ccc(C(=O)NCCOC(=O)CCC(=O)O*)cc2)cc1,303.5
 *C(=O)CC/C=C/CCC(=O)N1CCN(*)CC1,252.0
 *c1ccc(NC(=O)CCCCCC(=O)Nc2ccc(S(*)(=O)=O)cc2)cc1,217.0
 *CCCCCCCOC(=O)c1ccc(C(=O)NCCCNC(=O)c2ccc(C(=O)O*)cc2)cc1,222.0
 *CCCCCNC(=O)C(OC)C(OC)C(=O)N*,217.0
 *NC(C)C(C)(C)C(*)=O,360.0
 *NC(CC(*)=O)C(=O)OCCCCCCCCCCCC,348.0
 *Oc1ccc(NC(=O)CCCCCCCCCCC(=O)Nc2ccc(*)cc2)cc1,290.0
 *C(=O)NCCCCCCCCNC(=O)c1ccc(*)nc1,232.0
 *CCCCCCCCCCNC(=O)CCCCCCC(=O)N*,219.33333333333334
 *CCCCCCCCCCCCNC(=O)CCCCCCCCCCCCCCC(=O)N*,170.0
 *Cc1ccc(CN(C)C(=O)CCCCCCCCCCCCCCCCC(=O)N(*)C)cc1,80.0
 *Oc1cccc2ccc(Oc3ccc(NC(=O)c4ccc(C(=O)Nc5ccc(*)cc5)cc4)cc3)cc12,414.0
 *CCc1ccc(CCNC(=O)CCCCCCCCCCCC(=O)N*)cc1,262.0
 *CCCCCCCOC(=O)c1ccc(C(=O)NCCCCCNC(=O)c2ccc(C(=O)O*)cc2)cc1,199.0
 *C(=O)NCCCCCCCCCCNC(=O)c1ccc(*)nc1,232.0
 *CCCCCCCCNC(=O)c1ccccc1C(=O)N*,123.0
 *Cc1ccc(CNC(=O)CCCCCCCCCCCCCC(=O)N*)cc1,241.0
 *CCCCCCNC(=O)CCCCCCCC1C(CCCCCCCC(=O)N*)C=CC(CCCCCC)C1CCCCCCCC,81.0
 *CCCNC(=O)CNC(=O)C(NC(=O)C(Cc1ccccc1)NC(=O)CCCCCCCCC(=O)NC(Cc1ccccc1)C(=O)NC(C(=O)NCC(=O)NCCCOCCOCCO*)C(C)C)C(C)C,213.0
 *CCCCCCCCCCCCNC(=O)CCc1ccc(CCC(=O)N*)cc1,263.0
 *CCCCCCCCCCNC(=O)C(CCCCCCCCCCCC)C(=O)N*,123.0
 *CCCCCCCCCCCCCOC(=O)c1ccc(C(=O)NCCCCCCNC(=O)c2ccc(C(=O)O*)cc2)cc1,222.0
 *CCCCCCCCCCCCNC(=O)CCCCCCCCC(=O)N*,182.725
 *NNC(=O)C(*)=O,380.0
 *CCOC(=O)c1ccc(C(=O)NCCCNC(=O)c2ccc(C(=O)O*)cc2)cc1,205.0
 *CCCCCCNC(=O)CCC(C)CC(=O)N*,230.0
 *NC(CCC(=O)OCCCCCCCCCCCC)C(*)=O,14.3
 *NC(CCC(=O)OCc1ccc(C(F)(F)F)cc1)C(*)=O,281.6
 *CCCCCCNC(=O)c1ccc(C(C)(C)c2ccc(C(=O)N*)cc2)cc1,170.0
 *CC1CCC(CNC(=O)c2cccc(C(=O)N*)c2)CC1,307.5
 *CNC(=O)CCCCC(=O)NCC1COC(*)CO1,291.0
 *CCCCCNC(=O)CCCCCC(=O)N*,209.9375
 *CCCCCNC(=O)CC/C=C/CCC(=O)N*,256.0
 *Cc1cccc(CNC(=O)c2cc(C(=O)N*)cc(C(C)(C)C)c2)c1,261.5
 *CC(=O)NCCCCCCNC(=O)COC(=O)CCCCC(=O)O*,120.25
 *CNC(=O)CCCCCC(=O)N*,275.0
 *Nc1ccc(NC(=O)c2cccc(C(*)=O)c2)cc1,495.0
 *CCCCCCCNC(=O)CCCCC(=O)N*,240.0625
 *OC(=O)c1ccccc1NC(=O)CCCCC(=O)Nc1ccccc1C(=O)OC(=O)c1ccc(C(*)=O)cc1,227.5
 *CCCCCOc1ccc(NC(=O)c2ccc(C(=O)Nc3ccc(O*)cc3)cc2)cc1,434.0
 *CCNC(=O)c1cccc(C(=O)NCCOC(=O)c2ccc(C(=O)O*)cc2)c1,233.0
 *C(=O)Nc1ccc(Oc2ccc(NC(=O)c3ccc4c(c3)C(=O)N(c3ccc(Oc5cccc6c(Oc7ccc(N8C(=O)c9ccc(*)cc9C8=O)cc7)cccc56)cc3)C4=O)cc2)cc1,425.0
 *C(=O)c1ccc(N(*)CCCCCCCCCCCCCCCCC)cc1,30.9
 *NC1CC1NC(=O)C1CC1C(*)=O,285.0
 *CCNC(=O)c1ccc(-c2ccc(O*)cc2)cc1,239.0
 *CCCCC(Cl)(Cl)C(=O)N*,166.0
 *Cc1ccc(CNC(=O)CCCCCCCCCCCCCCC(=O)N*)cc1,248.0
 *CCCCCCCCCCNC(=O)CCCCCCCCCCCCCCCCCCCCC(=O)N*,169.0
 *CCOCCOCCOc1ccc(NC(=O)c2ccc(C(=O)Nc3ccc(O*)cc3)cc2)cc1,386.0
 *NNC(=O)c1cccc(C(=O)NNC(=O)C2CCC(C(*)=O)CC2)c1,320.0
 *CC(=O)NCCCCCCNC(=O)COC(=O)CCC(=O)O*,153.0
 *Oc1ccc(CNC(=O)c2cccc(C(=O)NCc3ccc(OC4COC5C(*)COC45)cc3)c2)cc1,215.0
 *CCCCCCNC(=O)c1c(Cl)c(Cl)c(C(=O)N*)c(Cl)c1Cl,362.0
 *C/C=C/CNC(=O)CC/C=C/CCC(=O)N*,301.0
 *CCCCCCCCCCCCCOC(=O)c1ccc(C(=O)NCCNC(=O)c2ccc(C(=O)O*)cc2)cc1,257.0
 *C(=O)NCCCCCCNC(=O)c1cc(*)c(C)nc1C,140.0
 *CCCCCOC(=O)c1ccc(C(=O)NCCCCNC(=O)c2ccc(C(=O)O*)cc2)cc1,284.0
 *CCCCCCNC(=O)CCCCCCCCC(=O)NCCCCCCNC(=O)C(=O)N*,257.0
 *CCCCCCCNC(=O)CCCCCCCCCC(=O)N*,197.0
 *CCCCCCCCCOC(=O)c1ccc(C(=O)NCCCCCNC(=O)c2ccc(C(=O)O*)cc2)cc1,194.0
 *CCC(=O)N(*)C,203.0
 *c1ccc(OC(=O)c2cccc(C(=O)Oc3ccc(C4(*)C(=O)Nc5ccccc54)cc3)c2)cc1,320.0
 *CCCCCNC(=O)CC(=O)N*,244.66666666666666
 *CCCCCCCCCCNC(=O)CCC(=O)N*,242.0
 *CCCCN(C)C(=O)c1ccc(C(=O)N(*)C)cc1,272.0
 *CNC(=O)CCCCCCC(=O)N*,276.0
 *CCCCCCCCCCC(=O)NCCc1ccc(CCNC(=O)CCCCCCCCCCS*)cc1,207.0
 *CCCCCCCCCOc1ccc(C(=O)Nc2ccc(-c3ccc(NC(=O)c4ccc(O*)cc4)c(Cl)c3)cc2Cl)cc1,251.0
 *OC(=O)CNC(=O)CCCCCCCCC(=O)NCC(=O)OC1COC2C(*)COC12,164.0
 *CCCCCCCCCCCCCCNC(=O)CCCCCCCCCCCCCCCCCCCCC(=O)N*,153.0
 *CCCCCCCCCNC(=O)CCCCCCCC(=O)N*,181.25
 *C(=O)N(*)Cc1ccccc1,250.0
 *Nc1ccc(CC(C)(C)NC(=O)CCCCC(*)=O)cc1,235.0
 *C(=O)NNC(=O)C(=O)NNC(=O)c1ccc(-c2ccc(*)nc2)cn1,350.0
 *Oc1ccc(CCNC(=O)c2cccc(C(=O)NCCc3ccc(OC(=O)c4cccc(C(*)=O)c4)cc3)c2)cc1,279.0
 *CCCCCCNC(=O)CCCC(=O)N*,239.0
 *CCCCCCCCNC(=O)CCCCCCC(=O)N*,216.7
 *CCCCCCCC(=O)NCCCCCCCNC(=O)CCCCCCCC1OCC2(COC(*)OC2)CO1,186.0
 *CCC(=O)NCc1cc(C)c(CNC(=O)CCO*)cc1C,248.0
 *Cc1ccc(CNC(=O)CCCCC(=O)N*)cc1,336.5
 *CCCCCCCCCC(=O)N*,181.0
 *CCCCNC(=O)C(CCCCCCCCCCCC)C(=O)N*,201.0
 *CCCCNC(=O)CCC(=O)N*,260.0
 *Nc1cccc(C(*)=O)c1,425.0
 *C(=O)NCCCCCCNC(=O)c1ccc(*)s1,302.0
 *CC(=O)NCCCCCCNC(=O)COC(=O)CCCCCCCCC(=O)O*,116.0
 *CCCCC(=O)N*,260.0
 *CCC(C)C(C)CCNC(=O)c1cc(C(=O)N*)cc(C(C)(C)C)c1,268.5
 *CCCCCCNC(=O)CCCCCCCCCCCCCCCCC(=O)N*,195.5
 *CCCCCCCOC(=O)c1ccc(C(=O)NCCCCCCNC(=O)c2ccc(C(=O)O*)cc2)cc1,227.0
 *CCOCCOCCOc1cccc(NC(=O)c2cccc(C(=O)Nc3cccc(O*)c3)c2)c1,207.0
 *CCCCCCCCCCOC(=O)c1ccc(NC(=O)CCCCCCCCCCC(=O)Nc2ccc(C(=O)O*)cc2)cc1,171.0
 *CCCCCC(=O)NCc1ccc(CNC(=O)CCCO*)cc1,190.0
 *Nc1cccc(NC(=O)CCCCCCCC(*)=O)c1,184.0
 *CCCCCCOC(=O)CCCCCNC(=O)c1ccc(C(=O)NCCCCCC(=O)O*)cc1,177.0
 *CCCCCCCCCCCCNC(=O)CCP(C)(=O)CCC(=O)N*,179.0
 *CCCCCCCCCCCCCCNC(=O)CCCCCCCCC(=O)N*,175.0
 *NC(CC(C)C)C(*)=O,300.0
 *Oc1cccc(NC(=O)CCCCC(=O)Nc2ccc(*)cc2)c1,225.0
 *CCCCCCNC(=O)CCCCCCC(=O)NCCCCCCNC(=O)C(=O)N*,260.0
 *CCCCNC(=O)C(OC)C(OC)C(=O)N*,266.1
 *CCCCCCN(CC)C(=O)c1ccc(C(=O)N(*)CC)cc1,182.0
 *CCCCC(=O)NCCCCCCC(=O)NCCC(=O)N*,250.0
 *NC(CCC(*)=O)C(=O)O,124.8
 *Cc1ccc(CNC(=O)CCCCCCCCC(=O)N*)cc1,290.5
 *CCCCCNC(=O)CCCCCCC(=O)N*,202.0
 *CCCCCCCCCCCCCCOC(=O)c1ccc(C(=O)NCCCCCCNC(=O)c2ccc(C(=O)O*)cc2)cc1,222.0
 *CCCCNC(=O)CCCCCCCCCCCCCCC(=O)N*,218.0
 *CCOC(=O)c1ccc(C(=O)NCCCCCCCCCCCCNC(=O)c2ccc(C(=O)O*)cc2)cc1,244.0
 *CCCCCCC(=O)N(*)C,65.0
 *CCCCCCOC(=O)CCCCCNC(=O)CCCCC(=O)NCCCCCC(=O)O*,147.0
 *CC(=O)NCCCCCCNC(=O)Cc1ccc(O*)cc1,180.0
 *C(=O)OCCCCCCCOC(=O)c1ccc(NC(=O)c2ccc(N3C(=O)c4ccc(*)cc4C3=O)cc2)cc1,193.0
 *Oc1ccc(NC(=O)c2ccc(OC3COC4C(Oc5ccc(C(=O)Nc6ccc(OC7COC8C(*)COC78)cc6)cc5)COC34)cc2)cc1,300.0
 *CCCCOC(=O)c1ccc(NC(=O)CCCCCCCCCCC(=O)Nc2ccc(C(=O)O*)cc2)cc1,192.0
 *CCC(=O)NNC(=O)c1cccc(C(=O)NNC(=O)c2ccc(O*)cc2)c1,249.0
 *NNC(=O)c1ccc(C(=O)NNC(=O)CCCCCCCC(*)=O)cc1,320.0
 *CCCCCCC(=O)NCCCCC(=O)NCCC(=O)N*,250.0
 *C(=O)NCCCCCCCCCCNC(=O)c1cc(O)cc(*)n1,137.0
 *CCCCCOC(=O)c1ccc(C(=O)NCCCNC(=O)c2ccc(C(=O)O*)cc2)cc1,235.0
 *CCCCCCCCCCOC(=O)c1ccc(C(=O)NCCCNC(=O)c2ccc(C(=O)O*)cc2)cc1,222.0
 *CCCCCCCCCCOc1cccc(C(=O)NNC(=O)c2cccc(C(=O)NNC(=O)c3cccc(O*)c3)c2)c1,205.0
 *Nc1ccccc1NC(=O)CCC(*)=O,195.0
 *Cc1c(C)c(C)c(CNC(=O)CCCCC(=O)N*)c(C)c1C,300.0
 *NC1CC1NC(=O)CCCCCCCCC(*)=O,220.0
 *CCCCOC(=O)c1ccc(C(=O)NCCCCCCNC(=O)c2ccc(C(=O)O*)cc2)cc1,300.0
 *C(=O)Nc1ccc(Oc2ccc(Oc3ccc(N4C(=O)c5ccc(*)cc5C4=O)cc3)cc2)cc1,441.0
 *Nc1ccc(NC(=O)c2cc(OCCCCCCCCCCCC)c(C(*)=O)cc2OCCCCCCCCCCCC)cc1Oc1ccccc1,404.75
 *CCC(=O)NCCNC(=O)CCN1CCN(*)CC1,231.0
 *C(=O)NNC(=O)c1cncc(C(=O)NNC(=O)c2ccc(*)nc2)c1,350.0
 *NNC(=O)c1ccc(C(=O)NNC(=O)CCCCC(*)=O)cc1,315.0
 *CCCCCCCCCNC(=O)CCCCCCCCCCCC(=O)N*,183.0
 *NC(CCC(=O)OCc1ccc(F)cc1)C(*)=O,327.96
 *CCCNC(=O)C(Cc1ccccc1)NC(=O)CCCCCCCCC(=O)NC(Cc1ccccc1)C(=O)NCCCOCCOCCO*,148.0
 *NC(C)C(C)C(*)=O,380.1666666666667
 *NNC(=O)CCCCC(=O)NNC(=O)CCCCCCCC(*)=O,312.0
 *C(=O)Nc1cc(NC(=O)c2cncc(*)c2)cc(-c2nnc(-c3ccccn3)o2)c1,305.0
 *C(=O)Nc1ccc(Oc2ccc(-c3ccc(Oc4ccc(NC(=O)c5ccc6c(c5)C(=O)N(c5ccc(Oc7ccccc7-c7ccccc7Oc7ccc(N8C(=O)c9ccc(*)cc9C8=O)cc7)cc5)C6=O)cc4)cc3)cc2)cc1,401.0
 *C(=O)Nc1ccc(NC(=O)c2ccc3c(c2)C(=O)N(c2ccc(Oc4ccc5ccc(Oc6ccc(N7C(=O)c8ccc(*)cc8C7=O)cc6)cc5c4)cc2)C3=O)cc1,460.0
 *CC1CCCC(CNC(=O)CCCCC(=O)N*)C1,240.0
 *C(=O)CCN1CCN(CCC(=O)N2CCN(*)CC2)CC1,270.0
 *C(=O)C1CC1C(=O)N1CCN(*)CC1,330.0
 *NC(CCC(=O)OCCCCCCCCCCCCCC)C(*)=O,42.75
 *CCCC(CCNC(=O)c1ccc(C(=O)N*)cc1)C(C)C,217.0
 *Oc1cccc(NC(=O)CCCCCCC(=O)Nc2ccc(*)cc2)c1,175.0
 *CCCCCCCCC(=O)NCCCCCOCCCCCNC(=O)CCCCO*,115.5
 *CCCCCCNC(=O)CCCCCCCCCCCCCCC(=O)N*,206.0
